ID,Answer
0,白色羽毛
1,《臺灣府志
2,袁晁
3,天津武備學堂
4,
5,聶耳
6,1884年
7,西漢的版圖向西擴張
8,英國
9,醜化對手的作用
10,二十世紀福斯向周星馳買下《食神》版權，欲邀其重拍美國版《食神》，但最終被周星馳拒絕。2001年，周星馳
11,三中老
12,無障礙環境
13,anticipation，即預測
14,2004年
15,硫化氫
16,華萊士
17,
18,亞非
19,80公里
20,愛爾蘭語
21,荷蘭
22,硫化物
23,塞爾維亞反對黨
24,1910年代
25,外交手段
26,拉丁文
27,猶太基督徒
28,1964年
29,霍克菲爾德
30,文化大革命
31,《羅馬十二帝王傳》
32,灣仔
33,西沙群島
34,形容一種無限制的、自私、而野蠻的競爭情況
35,1964年
36,新北市
37,小白宮
38,77份
39,南人
40,宋端宗
41,四千名
42,46億年
43,1070年
44,社會保障法規
45,第一教學樓
46,1930年
47,航天技術
48,1932年
49,大型購物中心[UNK]開幕後，改變了九龍灣作為工廠、物流倉庫的印象。[UNK]商場高18層，佔地達110萬平方呎，是觀塘區最大型的購物商場，當中的大型商戶有宜家傢俬、[UNK]、[UNK]影院等。區內的寫字樓自2006年起不斷增建，包括企業廣場三期、國際交易中心、[UNK][UNK]、傲騰廣場及億京中心等，成為東九龍新商業中心
50,
51,自強學堂
52,1960年代
53,法西斯義大利希望向南斯拉夫擴張領土
54,紐約市
55,基督教
56,預覽阿爾法版本
57,100萬
58,新北市
59,佔領行動
60,路易十五
61,中國共產黨
62,中生代侏羅紀
63,阿拉貢國王卡洛斯三世
64,熱帶雨林氣候
65,意圖完全擺脫漢朝的控制
66,李宗仁
67,宋代
68,前三點起落架
69,二十二歲
70,亞洲
71,1996年
72,美國
73,氦
74,經過依納爵長久的薰陶
75,住宅地
76,大韓生命保險公司大樓
77,八角鼓
78,羽柴秀吉
79,俾斯麥
80,金泳三
81,1959年
82,知覺
83,科龍港
84,玫瑰盃[UNK]
85,科學知識及技術
86,
87,隋滅南陳
88,佛教
89,1861年
90,豐臣秀吉
91,三吳地區
92,英國
93,農業合作社
94,國立武昌高等師範學校
95,蘇利南
96,1934年
97,檸檬酸咖啡因療法
98,1913年
99,1949年
100,大象
101,1915年
102,1763年
103,有絲分裂和無絲分裂
104,美國
105,羅馬帝國
106,朝鮮仁祖
107,十個
108,佛學論書
109,臺中高農
110,布倫瑞克
111,三天
112,1944年
113,安娜·德·薩伏伊皇后
114,咸豐帝
115,哈林河
116,
117,指揮
118,中原
119,荷蘭語
120,威廉·洛厄爾·普特南
121,全國人民代表大會的決定和全國人民代表大會常務委員會
122,德國
123,雷家驥
124,8歲的陽原王登基
125,複雜及未標準化
126,二千九百公尺
127,1939年
128,害怕德軍在東線戰線上沒有足夠兵力應付俄國。故此，他決定於西線調派多一些兵力到東線上應付俄軍，此決定令德軍於西線的進攻上遇到更多困難。為迅速取得西線勝利
129,林家
130,商營鐵路，但由於它是用來運貨
131,公民權
132,西人黨
133,2015年
134,臺北
135,查莫洛人
136,杭縣
137,蘇聯國旗
138,20
139,1941年
140,多腔磁控管雷達技術
141,點石齋畫報
142,南越地區
143,1988年
144,上吊方式
145,吉米卡特
146,吳有性
147,《布告各省公啟》
148,阿拉里克
149,十月革命
150,潛在腔隙
151,工業國家
152,1949年
153,《最終解決德國問題條約》
154,清光緒十七年
155,雕像
156,防止中國共產黨滲透，展開長期的戒嚴
157,65000平方公里
158,乙醚
159,藥葛羅
160,卡爾梅克人
161,1980年2月24日
162,63位
163,法律學家
164,古希臘時代
165,盧安達語
166,填海造地
167,憲法
168,
169,網景通訊公司
170,9月4日
171,1999年
172,《天淨沙》
173,七十年代
174,公元68年
175,趙佗
176,莎草紙
177,香港天文台也是世界氣象組織
178,以普魯士大獲全勝，建立德意志帝國告終
179,公元前362年
180,創建強力政府
181,28歲
182,1949年
183,保加利亞
184,便利使用、容易控制、安全潔淨
185,約10度
186,日本社會黨
187,西歐
188,波士頓
189,1992年
190,反手擊球
191,後箱館裁判所
192,明朝
193,1498年
194,2000年
195,2012年
196,考古發現在約西元前8200年前的中國湖南。在1993年，考古隊在道縣玉蟾岩
197,英、德
198,森林
199,阿森納女子足球俱樂部
200,社會主義市場經濟
201,特式食肆
202,1920年
203,中華人民共和國
204,
205,在列車前面拉動
206,彌爾
207,美國中央情報局
208,艾瑪·史東
209,連續函式的訊號
210,興建皇龍寺的九層寶塔
211,克羅埃西亞農民黨
212,柏林國際影展是一個在德國柏林舉行的影展，該影展與義大利的威尼斯影展、法國的坎城影展
213,清涼
214,新北市
215,聯盟
216,甲午戰爭
217,克孜勒
218,七千人大會
219,好在歷史是人民寫的
220,美觀
221,臺中市精密機械科技創新園區
222,西部地區
223,1982年
224,宣宗末年
225,部落最高領袖或皇帝
226,塔特拉山
227,國立廣東大學
228,美國發明家
229,2006年
230,沒有
231,《人體器官移植條例》
232,1262年
233,熱蘭遮城」，以此作為統治中心，為增加米、糖等農作物產量
234,三倍
235,兩顆恆星在相對較近的軌道上時，其間的重力作用
236,颱風
237,2014年
238,1970年
239,韓國
240,第一所美式大學
241,鋁土礦
242,
243,鄒族
244,黑死病
245,2012年
246,赫爾伯特·查普曼
247,同性戀文化最初發展於羅馬共和國時期，但受到社會普遍的譴責
248,2009年
249,洛杉磯湖人
250,溥[UNK]
251,副主席
252,其中一方贏得6局卻未領先至少2局
253,廣東省政府委員會
254,韓國遊戲
255,1951年
256,漢語拼音方案
257,1984年
258,高架車站
259,下薩克森邦
260,法蘭西第二帝國
261,福建人
262,全勝
263,提高一般飛行員的命中率
264,低倍率望遠鏡
265,濃度低
266,袁世凱
267,明朝
268,1848年
269,2010年
270,1998年
271,
272,《南華早報
273,酸性
274,佛像
275,阿聯
276,灣仔發展計劃
277,坦克集團軍
278,田川氏
279,
280,自律心肌細胞
281,1975-1985年
282,德語地區
283,
284,1237年
285,東羅馬
286,晉恭帝
287,荷蘭
288,中國抗日戰爭為背景。雖然這部影片並不是史都華
289,1656年
290,清末
291,廣開土大王
292,胡安·林茲
293,日本
294,1998年1月1日
295,第二星族
296,司馬休之
297,細胞膜
298,383年
299,迪尼奧
300,慕容垂
301,火山活動
302,利奧三世
303,拉丁字母
304,德國
305,丁基羥基甲苯
306,中緬大戰
307,斯德哥爾摩
308,第三紀中新世
309,中華民國
310,高麗時期
311,靳雲鵬
312,1958年
313,南極以外國家
314,1083
315,曹魏故都智慧之旅
316,威廉港的貨櫃碼頭亞德港
317,布爾什維克革命
318,金本位制
319,邊沁
320,紅色的視錐細胞
321,1928年
322,商品期貨
323,十多個
324,300美元
325,楊宇霆
326,大力發展體育事業
327,元世祖
328,油電混合動力車
329,數學
330,亞熱帶季風氣候
331,經濟
332,長度為輔音
333,朱一貴
334,
335,失一分
336,銃炮
337,1960年
338,1980年代
339,行政機構
340,東漢接受高句麗的朝貢。高句麗人在其成立的初期是由[UNK][UNK]人和夫餘人組成的。據《三國志》記載，[UNK]的「言語法俗大抵與句麗同」。《三國史記》説高句麗
341,1980年
342,希伯來文
343,第四心音
344,2010年
345,武漢
346,1868年
347,托土拉島
348,中華民國
349,倫敦大學
350,1970年代中期
351,高峰岡仁波齊峰
352,1972年5月，周恩來被查明罹患膀胱癌，其仍然帶病工作，1973年2月，出現大量尿血的情況，這時血塊堵住尿道口，使每次小便都是一場痛苦的掙扎。中共八大上，周恩來當選為中共中央副主席。同年，毛澤東以外交工作出現修正主義傾向名義，發動對周恩來批判，組成「中央幫助總理認識錯誤小組」。1973年
353,烏孜別克人
354,三菱重工業長崎造船廠
355,南斯拉夫社會主義聯邦共和國
356,證券交易所
357,硫礦
358,與丹尼索瓦人混血的相似性
359,忽必烈
360,中國
361,2000年
362,蝸牛狀
363,奧地利
364,1955年
365,
366,約斯特范大克島
367,1956年
368,斯圖加特
369,1910年
370,突厥
371,
372,1958年
373,2011年
374,通過非暴力方式反對環境破壞行為
375,巴爾的摩市
376,中華民國政府
377,社團部
378,違反了一次，導致摩根神父威脅如果再犯就中斷他的大學生涯
379,電子郵件
380,孔子
381,上海國歌紀念廣場及國歌展示館
382,2005年
383,強調不存在強迫或者盜取死刑犯器官的問題
384,
385,1970年
386,雙循環泵功能
387,1809年
388,
389,民國36年
390,為迅速取得西線勝利
391,大量從東歐和波羅的海沿岸的前德國疆土被驅逐的難民在下薩克森邦落腳定居，這也為這個邦帶來了文化多樣性
392,伯克制
393,擺脫螺旋槳在接近音速時的上限
394,自然法
395,路易·巴斯德
396,中部科學園區
397,宣統三年九月十九日
398,1991年
399,高麗官修正史《三國史記
400,第二次工業革命
401,突厥語
402,拉海納則是島上的主要商業中心，市區有一條滿布商店和餐廳的大街直通碼頭
403,約翰·坎貝爾
404,8小時
405,樂壇女王
406,民國18年
407,國立廣東大學
408,亞伯拉罕諸教
409,六億七千多萬美金
410,妖怪學
411,專家
412,低地蘇格蘭語
413,
414,解決國際動物學界面臨的學名混亂問題
415,外國語
416,皇太極
417,信陽
418,
419,准將
420,太陽風
421,科技
422,媽祖
423,鮑德溫伯爵
424,計劃委員會
425,約15米
426,蘇丹
427,軍事監察官
428,約八公分
429,2005年9月，盧武鉉政府正式向美國提出收回戰時指揮權。之後，雙方達成協議美方將於2012年4月17日
430,
431,
432,辛酉政變
433,銅
434,統一企業
435,2456293.520833
436,慢病毒載體
437,陳誠
438,孫中山
439,單獨媾和
440,進出口貿易
441,九一八事變
442,1978年
443,恩琴
444,731美元
445,阿拉巴馬州
446,嘉義市
447,對保護農業生產
448,氣流機制
449,五角星
450,波斯薩珊王朝
451,航海工業和航海貿易中心
452,化學基地
453,使用超大容量電容取代電池作儲電裝置，不用更換。現代戰場上的高科技裝備用電量龐大，混合動力軍用車輛可以滿足其需求；對後勤系統來說，轉換為混合動力軍用車輛很好適應、又可以降低負擔
454,中國共產黨中央政治局常務委員會
455,1945年
456,一條簡單的直線
457,北京路
458,盟旗制
459,臺南州
460,布朗茜
461,大陸內陸區或背風的山區
462,一次大戰期間
463,決勝局
464,
465,保守派
466,昇陽電腦公司
467,《全唐詩
468,1912年
469,1982年
470,七年
471,奧地利
472,貝爾實驗室的威廉·肖克利、約翰·巴丁和沃爾特·布喇頓工作團隊
473,陳奕迅
474,吳三連
475,1917年
476,孔祥熙
477,1月8日
478,掃雷艇部隊
479,海都之亂
480,多黨制
481,民國9年
482,1976年到1988年
483,這個時期
484,東晉時期
485,利用電腦配合對飛行狀態的監視，能夠防止飛機失去控制，或者是讓飛機在接近失去控制的狀態下仍然足以保持能夠穩定飛行。此外，線傳飛控
486,光明星4號
487,烏孜別克人
488,2555公里
489,第一次國共內戰
490,118年
491,茲維亞德·加姆薩胡爾季阿
492,避免造成路口交通不暢
493,防空專用的火炮
494,荀子
495,清朝
496,1935年
497,雙北合辦就業博覽會
498,
499,中國政法大學
500,瓜拿納
501,二戰時期
502,水冰
503,江戶時代
504,民國4年
505,西格里
506,1972年
507,軍政
508,貝爾根
509,青蓮居士
510,惠帝
511,十億韓國」戰略
512,
513,小選舉區制
514,受聯合國
515,反對資產階級自由化
516,自由放任
517,綠色工業
518,2006年
519,段祺瑞
520,湯瑪斯伊格頓
521,中南部
522,1902年
523,蝸頂
524,向海的方向則有戰後1950年代至1960年代
525,非美元貨幣
526,專門的操作人員
527,2002年
528,氫硫酸
529,軍事冒險主義
530,使編輯長頁面更容易
531,黨費
532,沒有兩性的分化，在同一個生物體中可能同時有雄性及雌性的生殖器官
533,經濟建設
534,《實業部組織法》
535,港式酒樓
536,社會政治運
537,帕吉勒提河
538,西南美麗的地方
539,天」的至高無上
540,
541,2012年
542,香港
543,1955年
544,運輸局
545,前一世紀
546,柵欄
547,1898年
548,老虎
549,查爾斯
550,唐太宗
551,健康寫實電影
552,1956年7月
553,老人星
554,中生代
555,伊爾庫茨克國立大學
556,鐵木真
557,9347人
558,1789年
559,兩個
560,松陽縣
561,日占時期
562,藝聲
563,中華人民共和國
564,總兵官
565,《金驢記》
566,高速線哈大客運專線
567,
568,自然科學研究
569,反文化運動
570,英國
571,賀知章
572,轟炸機
573,都卜勒效應
574,義大利
575,中世紀的漢撒同盟時代
576,淋巴液
577,州是僑寓州
578,18
579,
580,自由派
581,澎湖列島
582,陶瓷
583,1980年代
584,法國
585,西佛羅里達
586,1918年所蓋的伊爾庫茨克國立大學則是東西伯利亞的第一所高等教育機構，主要教學科目為醫療、教育與金融。伊爾庫茨克州長期都有著自身的精神象徵，不過到了1997年
587,驛站
588,9年
589,玫瑰盃[UNK]
590,1941年2月1日
591,101公里
592,國務院常務會議
593,木衛三
594,喬治亞共和國
595,1943年
596,加強納戈爾諾-卡拉巴赫自治權的蘇維埃提案，隨後一場全面性
597,足式臀位
598,屬聯邦政府之權力
599,韓國
600,感染
601,土耳其人
602,瀕危物種
603,越戰
604,公民權
605,可再生能源發電
606,極端大陸性氣候
607,臺灣省臺北市
608,1929年
609,法國電信
610,霍布斯
611,1897年
612,農業的發展
613,華北財經辦事處
614,市場分析
615,上海南站
616,2005年
617,家庭喜劇片
618,反對同性婚姻者
619,
620,反對建文帝削藩
621,建築學院
622,朱熹
623,社會民主黨，9位來自自由民主黨，7位來自綠黨，6位來自左派黨。歐洲議會中包括10名來自下薩克森邦的議員：5名來自基民盟，2名來自社會民主黨，分別有1名來自自由民主黨
624,傳播色情
625,植物
626,哈牡客運專線
627,第五區
628,最古老的活躍軍事單位
629,1984年
630,漢武帝
631,關東地方是韓國東部大關嶺
632,譴責外蒙古企圖分裂中華民國
633,巴黎聖母院
634,衝擊朝鮮半島
635,東晉常[UNK]
636,1936年
637,預言
638,商用
639,五桂山
640,日本竹[UNK]魚
641,嘉義市
642,高度污染產業
643,29個
644,民國31年
645,10月23日
646,人傳》
647,漢字詞
648,第二次世界大戰
649,5000噸級
650,君士坦丁堡
651,2015年年底前
652,古漢語
653,22年
654,伊薩克
655,霍諾里烏斯
656,喜馬拉雅山脈
657,1937年
658,1964年
659,19世紀
660,油氣開發
661,軌道
662,明孝宗
663,喀喇汗國
664,第五區
665,1925年
666,照射紫外線
667,九一八事變
668,春秋
669,對大自然的崇拜
670,馬祖
671,1899年
672,牟定縣
673,尼布楚條約
674,中央窩
675,利奧三世
676,殖民主義
677,奧德
678,30米
679,低緯度熱帶地區，南北緯約10度
680,企業管理制度
681,約翰遜
682,赤城鎮政府街1號
683,內層的漿膜心包和外層的纖維心包
684,羅非魚
685,潘普洛納
686,法國阿爾卑斯山礦泉
687,1848年
688,《臺灣府志
689,杜林
690,第265任
691,6比6
692,民國41年
693,中央印製廠
694,法國
695,超新星
696,全斗煥
697,2007年
698,
699,索馬利亞政府司法系統
700,420年
701,軍隊編制問題
702,劉銘傳
703,
704,1980年代
705,何韻詩
706,1925年
707,印度河流域文明
708,2009年
709,湘西土家族苗族自治州
710,許貢
711,少
712,北魏孝文帝
713,李定國
714,22條
715,公共健康與醫學領域
716,《新基本法令》
717,1962年
718,洪武三十一年
719,人民民主專政革命政權
720,俄羅斯帝國
721,突厥汗國
722,白矮星
723,咖啡因中毒包括上癮和一系列的身體與心理的不良反應，比如神經過敏，易怒，焦慮，震顫，肌肉抽搐等等。另外，由於咖啡因
724,司馬元顯下令討伐荊州刺史桓玄，並以劉牢之為前鋒。桓玄率軍兵臨建康時，劉裕請求進攻，但劉牢之不肯，反而想叛歸桓玄。劉裕當時與何無忌
725,階梯狀
726,漳州人
727,6個小時
728,1866年
729,憲法
730,毛澤東
731,90年代
732,強盛大國元年」的2012年時，金正恩正好30歲，蘇聯政府亦認定金正恩為1982年出生。2012年將迎來金日成誕辰100周年。而金正日原本是1941年在蘇聯
733,2200
734,愛德華·懷克-史密斯
735,西班牙瓦倫西亞
736,1787年
737,元昭宗
738,奪取荊州
739,1898年
740,守舊派
741,古巴
742,端敬王后
743,中生代
744,約瑟夫史達林
745,台灣
746,修改國會選區
747,計劃生育
748,蘇聯
749,中華人民共和國主席
750,福建社團聯會
751,恆星
752,加強土壤的養份。據台灣農業改良會研究，在排水良好的稻田中，就地掩埋稻草，能對第一期作水稻增產10％
753,推行反共政策
754,2.7％
755,日本
756,分子雲
757,遊牧部落
758,鮑德溫伯爵
759,1918年
760,1939年
761,東三省巡閱使署衛隊旅第二團團長
762,巴黎條約
763,1970年
764,威斯康辛大學麥迪遜分校
765,與氫氧化鈉一同儲存可以加速其過氧化過程
766,樣磨汗
767,奢侈品和金銀製品工藝
768,資格賽賽制
769,周劭綱
770,2000年
771,15世紀
772,兄終弟及
773,蘇聯
774,馬略
775,至元十三年
776,磷化氫
777,1970年代
778,圖西族
779,紀念說
780,
781,《三國史記
782,地心說
783,長沙太守
784,
785,2004年
786,上海
787,德國
788,濃硫酸
789,畢達哥拉斯主義
790,兄弟國的盟約
791,2010年
792,硫礦
793,1979年
794,義大利
795,農業
796,車里雅賓斯克
797,宋理宗
798,西班牙
799,
800,共和黨
801,百濟
802,二戰的爆發
803,1976年
804,港澳台灣
805,1949年
806,麻省理工學院
807,純銅
808,1920年代
809,部隊局
810,1449年
811,1986年
812,隆武帝
813,第一次世界大戰
814,孫叔敖
815,《斯納格的奇妙大陸》
816,雙汗制
817,78歲
818,半軍事管制
819,原中華全國體育協進會
820,光度的變化，像是食雙星，還有極端的情形是由恆星自轉
821,人文關懷
822,1956年
823,《產假和保護婦女兒童權利法》
824,軍閥混戰
825,中國共產黨解放軍
826,韓國
827,人民頻繁的遷移
828,四世紀
829,對境外落地的信號實施地面頻道干擾
830,保證共和派控制國民議會，阻止保王派復辟，但造成政府的長期不穩定
831,匈牙利
832,1979年
833,隋朝
834,蘇區
835,捷運機場線等國際工程實施
836,太陽
837,1940年
838,妖怪學
839,
840,收養資格的評估
841,汾河
842,關漢卿
843,湯玉麟
844,陳平順
845,蟹狀星雲
846,厄德
847,整個站體都位於天橋上的車站
848,1955年
849,蒙古入聯合國
850,金石並用時代
851,天皇
852,蘇聯
853,蘇維埃當局
854,2012年3月，瀋陽開工建設路面電車，2013年
855,羅馬帝國
856,重力
857,猶太人
858,生物演化發生
859,1988年
860,韓國
861,王孝通
862,哈比亞利馬納
863,法文老師
864,玻里尼西亞
865,廉興
866,基因特質
867,主峰岡仁波齊藏語
868,焦爾達諾·布魯諾
869,乾隆
870,約八公分
871,過渡期
872,民國43年
873,
874,中國教育
875,咖啡因
876,君士坦提烏斯
877,2000年6月
878,一日生活圈
879,美西戰爭
880,尊漢思想
881,蒂羅爾
882,眾神之王宙斯的戀人之一：埃歐，祂是希拉的女祭司
883,供應服務過多，常導致店員時常忙碌且需學習極多職場技能
884,1910年革命
885,洛邑
886,人生觀念
887,宋文帝
888,憲政改革
889,英國
890,斯塔福德郡
891,義熙十四年
892,劉少奇
893,1922年
894,
895,作為天候變異、災禍預知、社會秩序以及超自然現象的合理化解釋
896,檢查站
897,冷戰時期
898,1949到1961年是社會主義制度的確立時期；1961年到1970年柏林圍牆的修建減少了逃亡行為，東德經歷了一段穩定的時期；1971到1985年
899,氫燃料，質量大於0.4太陽質量
900,顯微注射
901,馬可波羅
902,阿爾巴尼亞
903,上海鐵路局
904,中國人民銀行
905,《倫敦條約》
906,聖經
907,使用精子庫
908,燃燒燃料
909,加拿大軍隊
910,26億
911,1950年代
912,希臘語
913,性犯罪
914,文藝復興式
915,楚州
916,1590年
917,1985到1989年
918,博特羅普
919,柏林國際廣播電台
920,星系
921,1584年
922,使郵驛通信十分有效地發揮效能
923,媒體維基
924,人文
925,1949年
926,67個
927,10月13日
928,1884年
929,波蘭
930,黑河
931,私立大學
932,漢諾瓦的技術信息圖書館
933,則為早期韓國華僑的聚集所在
934,李雄
935,香港
936,
937,英語
938,[UNK]稻
939,宋真宗
940,4500
941,政府機關
942,9月
943,其副汗或小汗多帶有伊利的的稱號
944,唐德剛
945,路易十四
946,韓國
947,0.07個
948,福建人
949,民國28年
950,中華民國國民革命軍第五軍200師
951,公共汽車
952,核質
953,石排灣
954,正教
955,八角鼓
956,迦太基式的和平
957,四牌樓紀念基金
958,1642年
959,徐載弼
960,蒙哥
961,匈奴人
962,芝加哥大學
963,船業
964,收放式起落架
965,紐格威森林
966,2012年
967,拿破崙
968,戴克里先
969,97年
970,陰陽調和
971,市場經濟
972,1963年
973,教宗亞歷山大六世
974,1871年
975,天安門廣場集會悼念周恩來，聲討「四人幫」，稱為「四·五天安門事件」。但毛澤東通過毛遠新傳話，將此事件定性為「反革命事件」，直接導致鄧小平第三次下台。毛澤東逝世及四人幫被粉碎後，此事件被視為反抗四人幫倒行逆施的革命行動
976,20世紀60年代
977,1958年底
978,一些國家採胡漢分治的制度
979,
980,杜甫
981,漢文
982,12次
983,科學社會學
984,1138公頃
985,《中華人民共和國村民委員會組織法》
986,荷蘭
987,聯合國專家
988,奪得影帝最佳男主角寶座
989,內陸地區
990,印度教-穆斯林團結大使
991,白[UNK]紀滅絕事件
992,毒品
993,達爾文的理論不僅使得上帝創造萬物
994,1258年
995,元朝
996,1929年
997,1972年
998,新式鐵製蒸汽船
999,文森特
1000,反環境保護主義
1001,詹姆士·麥迪遜
1002,1946年
1003,蘇聯紅軍
1004,基本食物
1005,1987年
1006,甘迺迪政府學院
1007,矮星
1008,修道主義
1009,1999年
1010,亞歷山大漢密爾頓
1011,中國
1012,1989年
1013,國務委員會委員長
1014,紐約尼克
1015,裝飾
1016,東、西、南、北四校區
1017,100萬到1兆倍
1018,雷達
1019,匈奴
1020,9月10日
1021,五等爵制
1022,工程化核酸酶
1023,伊薩克二世
1024,馬克西米安
1025,外部刺激
1026,麥克阿瑟元帥
1027,清朝
1028,武漢行營副主任
1029,躲避戰亂
1030,山東半島
1031,64%
1032,羅伯特•奧本海默
1033,羅馬帝國
1034,1823年
1035,漢字詞
1036,三人團
1037,舊石器時代中期
1038,166年
1039,荀子
1040,集團軍
1041,西南師範大學
1042,尷尬事件
1043,愷撒
1044,韓語
1045,
1046,佛教
1047,烏爾蘇拉
1048,1964年
1049,印度洋
1050,維持現狀
1051,挪威
1052,南北戰爭
1053,令拿破崙蒙羞，遭到全歐洲批評
1054,
1055,英式
1056,李紳
1057,路面電車
1058,帝位世襲
1059,1060公釐
1060,1939年
1061,唐史學家
1062,荊州劉表
1063,慶元
1064,軍事委員會北平分會副委員長
1065,英美法系
1066,石油危機
1067,秦朝與漢朝時，遊牧民族，包括肅慎、鮮卑、蒙古、契丹、女真、鄂倫春等，都在這一帶生活。唐朝
1068,奧斯陸峽灣
1069,1920年
1070,硫代硫酸氨
1071,《金雲翹傳
1072,跨越豫皖蘇3省44個縣
1073,1912年
1074,1627年
1075,環境污染
1076,阿內加達島
1077,唐生智
1078,夏季
1079,新北地方法院
1080,兩位最高級的領導人
1081,6世紀
1082,24所
1083,北魏
1084,每局比賽前由裁判報出本盤比賽的比分
1085,164所
1086,耶穌會
1087,一個
1088,挽救了大批珍貴文物
1089,三次
1090,
1091,梵語
1092,郭松齡
1093,爆炸性
1094,邊督辦公署，在普洱設雲南省第二殖邊督辦公署
1095,清朝
1096,1968年
1097,反潛
1098,1932年
1099,鐮倉幕府
1100,世稱恭順
1101,微量氣體
1102,抗日戰爭
1103,財產資格限制
1104,吳國
1105,汗位取得不合法
1106,傑弗里·德維爾阿杜安
1107,
1108,帕塔普斯科河
1109,1945年
1110,義熙十一年
1111,戰時研發商
1112,赫爾辛基
1113,《男人四十》
1114,羅馬
1115,1847年
1116,辛亥革命
1117,張孝祥
1118,合會朱陸
1119,占領地
1120,阿拉伯半島
1121,亞歷山大一世
1122,美國
1123,君主
1124,天下人
1125,日本
1126,尼古拉斯·尼葛洛龐帝
1127,慕容垂
1128,石油危機
1129,教育產業化
1130,1992年
1131,康拉德·阿登納
1132,山東半島
1133,柏拉圖和亞里士多德以前的荷馬、赫西俄德、修昔底德、色諾芬和歐里庇得斯的著作。後來，柏拉圖
1134,大約公元185年
1135,弱勢群體
1136,大正天皇
1137,西區圖書館
1138,北齊
1139,織田信長
1140,內戰
1141,精神醫學
1142,人人平等
1143,斯拉夫人
1144,第4
1145,聯邦制
1146,1799年
1147,英國
1148,瑞士蘇黎世州
1149,七月初四
1150,德國
1151,76間
1152,民國36年
1153,50元
1154,中華民國在臺澎金馬舉行首次總統直選。中國大陸對李登輝訪美及臺灣舉行總統大選大表不滿
1155,2次
1156,秧苗
1157,七個
1158,周恩來
1159,卡加梅
1160,一千多年
1161,傳習
1162,5月17日
1163,財務分析工具
1164,耕牧
1165,美國海軍官校，從此開始了11年的海軍生涯。1946年以820人中的第60名獲理學學士畢業，被授予海軍少尉
1166,德川家康
1167,運動
1168,1836年
1169,
1170,遠超上海
1171,德里克·羅勃茲
1172,伊斯蘭教
1173,
1174,哥廷根亨德爾國際音樂節
1175,滬昆高速公路
1176,13小時
1177,法國
1178,歐幾里得
1179,本頓
1180,通州張家灣
1181,青春勵志片
1182,《血盟救國軍軍歌》
1183,廣州
1184,聽診器
1185,對朝戰役
1186,唯泰主義
1187,1993年
1188,兩岸經濟合作架構協議
1189,蒙古
1190,自由主義
1191,1874年
1192,和人耳能夠接受超過[UNK]以上的聲音不符合的
1193,卡斯特拉
1194,李克強
1195,河東道
1196,物件導向
1197,古羅馬
1198,地理區域
1199,日本
1200,在太原組織成立了第二戰區民族革命戰爭戰地動員委員會。該會成為抗日民族統一戰線的具體組織形式
1201,63個
1202,46公里
1203,公元第二世紀
1204,研究占星術
1205,八千多年前
1206,吉隆坡
1207,1885年
1208,軍事防衛
1209,發展局
1210,
1211,北京電視台
1212,[UNK]州縣實際解散
1213,十月革命
1214,英國
1215,美國大學協會
1216,公共教育經費
1217,日本關東軍
1218,開京
1219,美國大蕭條時期
1220,解決元成宗時期的財政危機
1221,伊薩克
1222,分發式政策
1223,陳誠
1224,全印穆斯林聯盟
1225,後受通古斯人壓力
1226,喇嘛教
1227,日本茶道
1228,氣泡狀
1229,建設中國特色社會主義
1230,劉裕
1231,東正教
1232,法蘭西王國教會
1233,佛教
1234,周代
1235,伊斯蘭教
1236,臺北市
1237,鄧小平
1238,南斯拉夫
1239,武陵
1240,自然殺蟲劑
1241,大批從法國不同省份湧到巴黎的人有膳食需求
1242,自由韓國黨
1243,支持日本成為常任理事國，但反對日本、德國、印度及巴西擁有否決權
1244,二十世紀
1245,積極進攻
1246,加拿大
1247,1875年
1248,義大利汽車之都
1249,火箭發動機
1250,機械門控通道
1251,在軌道上驅動列車
1252,聖喬治拉丁文學校
1253,1271年
1254,1948年12月1日
1255,武宗系
1256,私兵制度
1257,魏博拉盧比民達行業工會
1258,文章奧府
1259,繁衍後代所需基因物質產生的方式
1260,非洲
1261,瓊州海峽
1262,約翰遜
1263,普林斯頓大學
1264,83年
1265,釣魚台國賓館
1266,伊達政宗
1267,解釋恆星內部和恆星演化的模型被成功的發展出來；恆星光譜也因為量子物理學的進展
1268,民國5年
1269,美國聯邦儲備委員會
1270,希洛克勒斯
1271,約翰·莫根
1272,高雄
1273,1960年代
1274,日美神奈川條約
1275,北京
1276,晶體狀態
1277,哈利里德
1278,非金屬類材料
1279,柏拉圖
1280,波蘭人
1281,
1282,
1283,改良式腳踏車
1284,給我一個膠帶
1285,64
1286,1830年
1287,全球資訊網
1288,八月
1289,閾下刺激物與內隱記憶
1290,廣州話
1291,洛杉磯湖人
1292,粳稻
1293,挪威
1294,700多個配置設定和超過1800個
1295,中國郵政集團公司
1296,清朝沒有誠意
1297,「我們是一個民族！
1298,尼古拉·奧斯特洛夫斯基的療養地點
1299,福島縣會津地區
1300,1913年
1301,使命乎合土地撥贈法案的要求，故獲贈地作進一步發展。1866年，由土地銷售
1302,阿拉曼人
1303,洛杉磯快艇隊
1304,天花病
1305,牡丹峰樂團
1306,印度
1307,三座
1308,徐、祝
1309,下薩克森邦
1310,元首制度中，該職銜即是歷史俗稱羅馬皇帝
1311,豫
1312,1919年4月13日
1313,1133515人
1314,喃字
1315,排灣族
1316,洛克菲勒紀念教堂
1317,臨時代議制
1318,高宗
1319,2015年
1320,1969年
1321,社會民主黨
1322,三合院
1323,加強鄉土教育之教學比例與在地語言之教學
1324,488年
1325,病態賭徒
1326,全國人民代表大會
1327,外太空
1328,修水
1329,承認外蒙古的獨立，和中山先生建國大綱所定扶助弱小民族使之自治自決
1330,西班牙
1331,1908年
1332,印尼
1333,鐵
1334,普羅斯佩·梅里美、維歐勒·勒·杜克在拿破崙
1335,廣東省
1336,聖母大
1337,羅馬法
1338,應用心理學家
1339,希臘
1340,拉丁字母
1341,《中俄密約
1342,卡普拉
1343,外交獨立性，可以與其他外交主體簽訂一些協議，部份聯邦成員單位也可以以聯邦成員
1344,24英吋克拉克望遠鏡
1345,生物質
1346,學權部
1347,就地掩埋稻草，除不會製造空氣汙染
1348,800餘種
1349,類比訊號
1350,漢族
1351,視桿細胞
1352,人口眾多，市區的交通流量十分龐大。每逢尖峰時段或假日，經常會有大量人潮、車潮流動於市區內或臺北、新北兩市之間，導致市區內各重要幹道常出現交通阻塞
1353,威廉二世
1354,遵義會議
1355,《我於青春無悔》
1356,君士坦丁大帝
1357,美國國家草地網球聯盟
1358,8月26日
1359,希臘字母
1360,朱棣
1361,外交手段
1362,1887年
1363,2008年
1364,畢達哥拉斯
1365,2010年
1366,1918年
1367,
1368,魯宗之
1369,增加米、糖等農作物產量
1370,《朝鮮王朝實錄》
1371,2012年
1372,生物動力學
1373,印度洋暖濕氣流
1374,太白山脈
1375,中國外長孫寶琦
1376,控制面變形
1377,民國十八年
1378,濟州島
1379,一萬
1380,10名
1381,整軍協定
1382,1996年
1383,1985年
1384,4世紀
1385,顯示自己的獨立自主
1386,公元前三世紀
1387,車站
1388,1920年代
1389,1997年
1390,默頓學院
1391,折下吉延
1392,泰國
1393,1914年
1394,
1395,2300多種
1396,化石燃料
1397,女性
1398,40倍
1399,1956年
1400,白色
1401,1856年
1402,忽必烈
1403,反革命事件
1404,夫人王光美
1405,理察·科伯恩·麥克勞林
1406,西德
1407,1624年
1408,15%
1409,江青
1410,奈及利亞
1411,亞洲
1412,1979年
1413,兩顆恆星在相對較近的軌道上時，其間的重力作用
1414,農田
1415,大量從東歐和波羅的海沿岸的前德國疆土被驅逐的難民在下薩克森邦落腳定居
1416,1944年9月
1417,1970年
1418,爭取民族權利
1419,南開中學
1420,科學家
1421,10萬人
1422,
1423,類胡蘿蔔素
1424,馬來-玻里尼西亞語族
1425,
1426,
1427,控制意識型態
1428,中央政府
1429,元代
1430,43人
1431,限制性消化
1432,何無忌
1433,超級模特兒
1434,兩層
1435,
1436,古巴共產黨
1437,《鋼鐵是怎樣煉成的》
1438,2005年9月
1439,香港樂壇最高榮譽大獎
1440,錫克教
1441,1986年
1442,《雙虎屠龍》
1443,水上人漁民，源自遠古百越族
1444,北極熊的首都
1445,米高彭博
1446,伊斯蘭教
1447,
1448,忽都虎
1449,作為歷史博物館
1450,
1451,世代劃分
1452,普魯士
1453,南朝鮮
1454,關島原住民
1455,公共救濟
1456,日本
1457,大學
1458,九龍灣
1459,廣州
1460,現代精神醫學
1461,越南陳朝
1462,住宅合作社
1463,有色人種
1464,塞爾維亞社會民主黨聯合了其他社會主義派組織
1465,漢諾威
1466,中央電視台高清綜合頻道
1467,孫權稱帝，國號吳，改元黃龍，是為吳大帝
1468,北塔山事件
1469,主體史學
1470,心室底壁組織
1471,1662年
1472,1888年
1473,第二產業
1474,俄羅斯
1475,諾亞·韋伯斯特
1476,總能量
1477,流血槍戰過程
1478,張議潮
1479,澳洲大陸
1480,正德十一年
1481,瘟疫四竄
1482,法國
1483,喜馬拉雅山
1484,全印穆斯林聯盟
1485,沙俄軍隊
1486,200萬
1487,俄羅斯
1488,1980年
1489,北角
1490,新界
1491,蔣中正
1492,大和國
1493,佛教故事中，許多已經覺悟的阿羅漢自行選擇入滅，這是一種欣求解脫而厭惡五濁惡世的作為，如俗人為之，則為自殺罪，將墮落三惡道
1494,聲音頻率的分析。因為基底膜無法做每秒1000次以上的快速運動
1495,有性生殖
1496,災難型電影
1497,為免兩國爆發戰爭
1498,巴塞隆納奧運
1499,鬍鬚狀
1500,阿拉巴馬州
1501,海祭
1502,戰鬥機
1503,600年
1504,上海世界博覽會的召開
1505,1980年
1506,1967年
1507,俄羅斯聯邦軍隊
1508,南方墨點法
1509,路易斯一世
1510,《時代》雜誌
1511,法西斯主義
1512,凡爾賽條約
1513,路易·勒沃
1514,
1515,
1516,曼諾球場
1517,東吳
1518,海煤
1519,自體授粉
1520,民國二十九年
1521,想取快錢
1522,徐家匯
1523,比爾蓋茲
1524,陸秀夫
1525,東南亞資本
1526,南斯拉夫內戰
1527,《塘沽協定》
1528,烏蘭烏德
1529,1897年
1530,中共中央總書記胡錦濤
1531,2003年3月4日
1532,生活空間的不足
1533,發展局
1534,杭州[UNK]橋機場
1535,蠻族
1536,
1537,文職人員地位高於諸如醫生和律師
1538,興王
1539,衛奕信
1540,非歐幾里得幾何
1541,2009年
1542,全國重點文物保護單位
1543,忽必烈
1544,茶峒鎮
1545,
1546,惠金斯原理
1547,松花江
1548,波士頓理工
1549,兩年
1550,2006年至哪一年時與法國陷入外交關係的僵局?[SEP]盧安達愛國陣線自1994年
1551,便於管理漢地
1552,喬托號
1553,國家絕密
1554,烏里雅蘇臺將軍
1555,聖西門主義
1556,1945年
1557,蔡[UNK]
1558,德國
1559,《刑部大理寺狀
1560,澳大利亞新南威爾斯州
1561,太陽運動
1562,傳教士的主保
1563,羅馬共和國時期
1564,綠色的稻穀上有細毛
1565,韓國
1566,藍屋
1567,薩伊
1568,1944年
1569,約七千萬
1570,張三祿
1571,15世紀
1572,演員
1573,袁術
1574,高血壓
1575,北燕
1576,《中華人民共和國全民所有制工業企業法》
1577,保護環境、推進生態環境健康的寬泛的哲學、意識形態和社會運動，這種健康特別是指包含非人類因素的問題。環境保護主義呼籲依法保護、恢復並改良自然環境，也可以說是控制污染或保護動植物多樣性的運動。由此，土地倫理、環境倫理、生物多樣性、生態學和親生命假說
1578,城市物質形態
1579,環境保護主義
1580,773年
1581,懷柔區
1582,七間
1583,民間反應不佳
1584,光緒十年
1585,1970年代
1586,希臘語
1587,西班牙
1588,神經源性
1589,日本
1590,七個
1591,安定
1592,德國
1593,乾旱
1594,《高盧戰記》七卷
1595,新北市
1596,甲午戰爭
1597,政府採取反共措施
1598,16世紀
1599,拉丁字母
1600,1935年
1601,羅馬字母
1602,8.6%
1603,浙江海商
1604,巴西
1605,歐洲聯盟委員會
1606,增加西側的空曠程度
1607,美國
1608,匈牙利
1609,七年戰爭
1610,100米以上的山區如雪岳山、智異山、漢[UNK]山等屬於寒溫帶針葉林
1611,咖啡因中毒
1612,國民政府
1613,漢江
1614,青光眼
1615,狄托主義
1616,學權部
1617,1995年
1618,射擊斷續器
1619,5位
1620,芽孢炭疽桿菌
1621,1968年
1622,金代
1623,米高梅
1624,
1625,撫順」號
1626,英國
1627,耶穌會
1628,一次大戰期間
1629,鐵鉉
1630,傑里·威斯特特
1631,《義勇軍進行曲
1632,棉花
1633,卡洛·埃馬努埃萊一世
1634,賀知章
1635,官方名稱，為清初犯人流放之地
1636,侵佔平埔族土地
1637,重力收縮
1638,貝加爾湖
1639,厄德
1640,羅馬共和國中後期
1641,當時儒教興盛
1642,巴夏禮
1643,克里斯蒂安尼亞
1644,無限制潛艇戰
1645,哈大客運專線
1646,亞熱帶常綠闊葉林
1647,1937年
1648,北德意志邦聯
1649,傑弗里·德維爾阿杜安
1650,約翰·莫根
1651,耐腐蝕性
1652,咸豐二年
1653,咖啡因
1654,革命外交」政策
1655,1972年
1656,保衛大都，衛設都指揮史或率史，隸屬於樞密院
1657,汪精衛
1658,體育部
1659,單斜棱晶體
1660,孫傳芳
1661,水牛城
1662,鄧演達
1663,七月二十四日
1664,賽丁泉天文台
1665,殖民政策
1666,[UNK]染色體
1667,日本
1668,16世紀
1669,潮濕的大陸性氣候帶
1670,染色體倍數減
1671,猶太人
1672,張孝祥
1673,佩德納萊斯河，德克薩斯州石牆郡
1674,皖系軍閥
1675,清廣東水師提督
1676,1965年
1677,1967年
1678,奧古斯都
1679,內應帶哲布尊丹巴
1680,司馬休之
1681,布政司署」改稱為「政府總部
1682,1861年2月9日
1683,3月19日
1684,漢字
1685,安托萬·拉瓦錫
1686,伊斯蘭教
1687,流體靜力
1688,宋真宗大中祥符元年追封為「文憲王」，後世多稱其「元聖」。因周幽王被犬戎滅，所以曾協助周平王把首都遷到洛邑，因此開始了東周，東周又分為春秋，戰國。周公
1689,人民議院
1690,英國
1691,盧安達法郎
1692,皖浙贛獨立團
1693,加藤清正、福島正則、黑田長政、藤堂高虎、加藤嘉明、淺野幸長和細川忠興準備在伏見城前田宅邸暗殺石田三成。但石田三成在事前已察覺，在常陸國大名佐竹義宣
1694,經濟蕭條
1695,世族
1696,1853年
1697,銅鑼灣至太古
1698,民國34年
1699,1270年
1700,動力系統
1701,三個
1702,中華民國
1703,蒙古帝國
1704,諸葛亮南征也到達滇池地區，改為建寧郡，為[UNK]氏
1705,江河級驅逐艦
1706,2015年
1707,330平方公里
1708,研究占星術
1709,颶風
1710,聯合國世界氣象組織
1711,秦
1712,海河流域
1713,旭烈兀
1714,約700家
1715,中國溧陽茶葉節
1716,全市綠化比例高
1717,收到十二道金牌班師回朝
1718,澳大利亞
1719,漢地
1720,民國三十七年底
1721,7980年
1722,1962年
1723,青島海軍基地
1724,首都姑臧
1725,簡易委託車站
1726,蘇聯
1727,
1728,西方遊客
1729,鉀離子通道
1730,黎元洪
1731,于文斗女兒于鳳至
1732,中華民國台灣
1733,第二次世界大戰
1734,1961年
1735,白光
1736,陳誠因
1737,1966年
1738,奈特·麥克米蘭
1739,無佛像時代
1740,1960年代
1741,白色
1742,自由聯合關係
1743,三次
1744,英國
1745,暫住證制度
1746,《劃一現行各道地方行政官廳組織令》
1747,建築於高山上的城堡
1748,使用西德馬克的西柏林地區進行封鎖
1749,蒸汽膨脹
1750,隋[UNK]帝
1751,副熱帶季風氣候區
1752,日本
1753,美國心臟學會
1754,大英帝國
1755,《八篇書》
1756,俄國
1757,
1758,腓力
1759,合作派
1760,心理疾病
1761,工業革命
1762,1個
1763,1990年代
1764,阿弗剌昔牙卜
1765,24%
1766,高麗國
1767,後現代主義設計
1768,1828年
1769,
1770,獨立機關選舉委員會
1771,西安招待所
1772,18世紀
1773,湯瑪斯傑佛遜
1774,新春期間
1775,郵值標籤
1776,席哈克略皇帝
1777,1989年
1778,宙斯
1779,農耕節
1780,俄國革命
1781,制衡德軍
1782,李雄
1783,西洋棋殘局
1784,資本主義與社會主義
1785,
1786,愷撒
1787,10
1788,湖熟
1789,英國
1790,木衛一
1791,愛滋病毒
1792,1993年
1793,外蒙古
1794,張聞天
1795,效率
1796,法家
1797,五個
1798,通古斯地區過於偏遠
1799,安大略湖
1800,肉食
1801,朝鮮王朝世宗大王
1802,荊州士族
1803,將部分河水導入恆河運河
1804,雙重匯率制度
1805,英國
1806,詹姆斯·史都華
1807,所有制社會主義改造
1808,59歲
1809,法國
1810,1928年
1811,5個
1812,黑體輻射
1813,曼哈頓
1814,清咸豐年間
1815,君士坦提烏斯二世
1816,外省人
1817,彌生人
1818,甲醇
1819,太祖王
1820,放棄推行土改
1821,英國
1822,採取隱遁鄉里，終生不願意出仕
1823,中華人民共和國
1824,1590年
1825,1941年
1826,細胞核
1827,放氣減壓
1828,十月革命
1829,俄羅斯
1830,為了維護毛的權威，仍然參與到以空前的高調呼籲對毛的個人崇拜的浪潮中來
1831,新北市的外來人口眾多
1832,1943年
1833,多倫多市
1834,顯性文明
1835,超過9倍太陽質量
1836,愛倫·坡也相繼發表了一些具有科幻性質的小說作品。19世紀末，20世紀初，歐洲出現了兩位重要的小說家，法國人儒勒·凡爾納和英國人赫伯特·喬治·威爾斯
1837,純的硫是黃色的晶體
1838,資產負債表
1839,德川家康
1840,日本
1841,23倍
1842,對外徵求改制後的新市名，並舉行網路投票
1843,南韓
1844,1789年
1845,下薩克森邦邦政府
1846,泰勒斯
1847,17.5%
1848,公民投票
1849,汪精衛
1850,杜林
1851,大型哺乳動物種類
1852,13倍
1853,黃埔軍校
1854,《紅樓夢》
1855,一百多年
1856,1920年
1857,雲南
1858,14世紀末至20世紀初
1859,電子郵票
1860,儒字
1861,突厥
1862,尚比亞
1863,俄國
1864,成熟階段
1865,求其放心
1866,吠陀梵語
1867,1950年代
1868,讓-巴蒂斯特·杜馬和尤金·皮里哥
1869,湯·韋迪加
1870,麥羅沃州
1871,提奧多雷
1872,航宇
1873,廣東籍人口
1874,中國通俗文化
1875,伊莉莎白過世，這種狀況才有所緩解。繼位者彼得三世
1876,義大利
1877,2000年
1878,1932年
1879,《天國的階梯》、《冬季戀歌》等愛情劇
1880,路易-菲利普
1881,阿布巴卡爾
1882,相聲
1883,蘇菲派一神論
1884,1865年
1885,周叔蓮
1886,1924年
1887,德國財政局
1888,30%
1889,張作霖在軍糧城成立奉天陸軍總司令部，自任總司令，副司令徐樹錚，參謀長楊宇霆
1890,法國
1891,詹姆斯·史都華
1892,周恩來
1893,沒有誠意
1894,光化學煙霧
1895,藍營優勢區；至於較為周邊的行政區，則是藍綠各有所長。惟在地方民代以下層級的選舉，泛藍的國民黨
1896,法國教士開徵俗世什一稅
1897,洛厄爾天文台
1898,加拿大式雙打
1899,三名
1900,中日甲午戰爭
1901,臺灣
1902,一日生活圈
1903,《資治通鑑》
1904,2006年
1905,中華民國實業部
1906,1973年
1907,
1908,大學生的城市
1909,約翰·洛克菲勒
1910,1920年代
1911,1830年
1912,甘迺迪
1913,胡季[UNK]
1914,生物個體由單一有核細胞發育而成的可能性
1915,議會制
1916,16世紀初的阿德里安六世之後482年
1917,恰克圖條約
1918,美國國家動物園
1919,五分之一
1920,《英語綜合發音與釋義詞典》
1921,
1922,克倫威爾路
1923,家庭喜劇片
1924,日本
1925,在美國硫酸是所有生產得最多的化合物
1926,俄羅斯帝國
1927,水門事件醜聞
1928,中山
1929,閻錫山
1930,1945年
1931,托爾金
1932,龍興之地
1933,中國政府因開放市場的需要
1934,阿伊努人
1935,1919年
1936,五倍
1937,原子能
1938,艾森豪
1939,3400萬
1940,網球正拍擊球
1941,帕西瓦爾·洛厄爾建立的，並且有一陣子是由他的第三代堂兄蓋伊·洛厄爾掌管，現在受委託的管理人是威廉·洛厄爾·普特南
1942,二二八事件
1943,黑色代表著謹慎、謙遜、悲傷，而紅色
1944,臺灣據點
1945,硫化氫
1946,理學
1947,1998年
1948,2010年後
1949,毛澤東
1950,1950年
1951,高輻射的環境
1952,維基媒體
1953,二氧化碳
1954,1939年
1955,清朝末年
1956,城堡
1957,哲學原理研究
1958,2001年8月15日
1959,65歲及以上人口
1960,北大西洋
1961,1455年
1962,鄧穎超
1963,用自然材料造建築物保護自己，為了建築美觀，先後發明了多立克柱式、愛奧尼柱式和科林斯柱式，其中的比例要依照最美的比例
1964,傳統音樂
1965,提防燕王謀反
1966,奧地利
1967,保加利亞
1968,恢復市場的功能，以邁向生產力理論
1969,北非
1970,南京
1971,1834年
1972,淋巴液
1973,斷罰出征，並全征燒埋銀
1974,1901年
1975,十八歲
1976,近年
1977,農歷新年時吃元宵、年糕及蘿蔔糕；在端午節
1978,阿布海兒汗時代
1979,活塞發動機
1980,1312年
1981,1970年
1982,30℃
1983,以色列
1984,太平廣記
1985,兩個
1986,對日抗戰
1987,1989年
1988,左丞相阿忽台
1989,儒略日數
1990,蘇聯共產黨
1991,美國
1992,國際人權組織
1993,2014年12月
1994,台中軟體園區
1995,台北市立體育場
1996,
1997,冷戰期間
1998,1928年
1999,收容遣送制度
2000,中國國民黨
2001,《朱啟[UNK]：「被抹掉的奠基人」》
2002,羅伯特•奧本海默
2003,金黃飽滿
2004,滿蒙獨立運動
2005,水軍
2006,中國青年
2007,3氦過程
2008,中華人民共和國
2009,
2010,民國時期
2011,著陸
2012,
2013,雷根
2014,幾何學
2015,1998年1月1日
2016,《風之國度
2017,蠻族事務局
2018,達賴
2019,首席的元老
2020,11世紀
2021,阿普列尤斯
2022,猶太人
2023,能量
2024,克萊斯勒貸款法案
2025,
2026,1610年1月7日
2027,荷蘭
2028,喬治亞
2029,咸豐二年
2030,六四天安門事件
2031,類比訊號
2032,通俗的
2033,每秒30轉
2034,伯利恆修道院
2035,1950年
2036,1987年
2037,洪堡
2038,1847年
2039,唐睿宗
2040,1968年
2041,不動產
2042,韓國歷史最為悠久的大學是成均館大學，其歷史可以追溯到1398年成立的朝鮮王朝最高學府成均館。首爾大學、高麗大學和延世大學三所著名高校在韓國很有影響
2043,林肯總統
2044,養殖漢諾瓦馬、歐登堡馬和其他血統的馬是不少下薩克森邦人的業餘愛好和職業。下薩克森邦風景怡人
2045,元末民變
2046,規模化的農業
2047,軍校任上尉特別官佐，即候差軍官，擔任教育副官
2048,1599年
2049,3個
2050,香港國際機場
2051,暴力革命
2052,段祺瑞
2053,普魯士
2054,高句麗
2055,西伯利亞鐵路
2056,
2057,學權部
2058,富蘭克林·德拉諾·羅斯福
2059,科什圖尼察
2060,1600個
2061,反托拉斯法
2062,500毫升
2063,中國明朝
2064,民國四年
2065,蒙古人
2066,正德十一年
2067,閏盤
2068,愛爾蘭共和國
2069,
2070,毛澤東
2071,蒙哥汗在合州的釣魚城之戰戰死
2072,瀧川的這一主張，遭到了貴族院議員菊池武夫和政友會宮澤裕
2073,莫高窟
2074,電穿孔細胞
2075,上川島作為基地
2076,5次
2077,1924年
2078,日本
2079,堂島米相場會所
2080,
2081,經濟問題
2082,1米93
2083,鹿兒島
2084,外籍家庭傭工
2085,貨運列車
2086,《1956年清潔空氣法》
2087,威廉·赫歇爾
2088,逃港者
2089,柏拉圖
2090,教法
2091,塔蘭托戰役
2092,菲利浦五世
2093,阿爾卑斯山
2094,軍校
2095,1984年
2096,漢馬伏波
2097,一億光年
2098,1995年
2099,紅矮星
2100,
2101,德意志邦聯
2102,19世紀
2103,草本
2104,涵元殿
2105,愛德華·施特拉斯布格
2106,1971年
2107,英國
2108,段祺瑞
2109,免疫
2110,民國18年
2111,年降雨量
2112,1913年
2113,法國東部
2114,灣仔
2115,拉丁語
2116,南亞
2117,畢達哥拉斯
2118,貝聿銘
2119,世界的中心
2120,第53
2121,工業革命
2122,耶穌會
2123,一次世界大戰時期
2124,大量安眠藥
2125,史坦波中心
2126,預測
2127,詹姆士·波爾克·詹森
2128,[UNK]-16
2129,德國
2130,《麥健時報告書
2131,江蘇淮安
2132,朱齡石
2133,中共中央副主席
2134,毒氣
2135,細胞膜
2136,普洱專區
2137,僱傭安定與職業能力開發事業保險費兩類。失業保險費由僱主和被僱人
2138,英國倫敦溫布頓
2139,為國「靖難
2140,2008年
2141,大島造船所
2142,申城
2143,委派德川家
2144,河川
2145,岩石圈
2146,1841年
2147,聯邦儲備系統
2148,1925年
2149,1926年成立，由新界鄉村的代表組成
2150,德國
2151,亞熱帶
2152,1967年
2153,古希臘
2154,反共思想
2155,濟州方言
2156,俄羅斯車里雅賓斯克
2157,王藍
2158,胡錦濤
2159,東晉元帝
2160,最低層
2161,儒字
2162,絲綢之路
2163,5642米
2164,殺蟲劑中毒
2165,寮國
2166,產業工會聯合會
2167,積水潭
2168,保加利亞人屠夫
2169,南奧塞提亞自治區
2170,一籃子貨幣加權平均計算方法進行調整。為此人民幣對美元匯率
2171,農業
2172,秋天
2173,中國和俄羅斯
2174,漢馬伏波
2175,雲南省
2176,美國
2177,扶植農業的政策，時任臺灣省省主席陳誠推行土地改革
2178,林邑王陽邁
2179,艾瑪·史東
2180,
2181,聯邦在內戰中取勝
2182,玉泉北路
2183,1789年
2184,12
2185,通訊業
2186,柏拉圖
2187,國家地質總局
2188,2007年
2189,國家歷史文化名城
2190,維基媒體基金會
2191,七省
2192,亞穆納河
2193,嫁妝
2194,小學
2195,最佳演唱團體獎
2196,君主妾室
2197,防火能力
2198,精神醫學
2199,機炮
2200,寧古塔副都統
2201,威尼斯影展創辦於1932年，是世界上歷史最悠久的影展，與德國柏林影展
2202,分裂
2203,第四心音
2204,郭沫若
2205,世襲制度
2206,韓國海關
2207,奧地利
2208,2009年
2209,牛胃氣膨脹
2210,北源沮水
2211,吠陀梵語
2212,受道家老子思想的用詞影響
2213,女性模特兒
2214,印第安納大學俱樂部
2215,雷達吸波收材料
2216,1950年代
2217,西緣
2218,高科技產業
2219,東芝
2220,新北市
2221,川本芳昭
2222,新崛起的伊斯蘭教
2223,15%
2224,商業貿易
2225,八六學潮
2226,2002年
2227,620年
2228,民國2年
2229,第一公民
2230,現代主義
2231,天主教
2232,美利堅聯盟國
2233,克勞狄二世
2234,1958年
2235,清朝
2236,《禁書目錄
2237,心室底壁組織形成的室間隔肌部也向著心內膜墊
2238,菲律賓
2239,湯瑪斯·勃蘭契特·瑞德
2240,毛澤東
2241,爬升率
2242,[UNK]-29轟炸機
2243,日本
2244,1939年
2245,模擬別人的言行，後發展為象聲
2246,1898年
2247,李察·賓特利
2248,印尼
2249,康熙四十八年
2250,荊州
2251,公共環境事務學院
2252,22個
2253,維持和平的聯盟
2254,重慶機
2255,北京
2256,1945年
2257,倭寇
2258,閉關鎖國的政策
2259,1972年
2260,2013年
2261,前蘇聯總書記史達林
2262,牡丹江
2263,1918年
2264,年輕恆星
2265,非金屬類材料
2266,阿拉貢王國
2267,聯合國人權委員會
2268,庫里爾台大會
2269,氫
2270,頭
2271,賓夕法尼亞州大學
2272,二氧化碳
2273,穀類作物
2274,拿破崙三世
2275,
2276,後代
2277,熱帶草原氣候
2278,劉宋
2279,袁術
2280,第二心音
2281,晉成帝咸康元年
2282,噴射發動機為動力，擺脫螺旋槳在接近音速時的上限。這些飛機的外型設計仍然沿用過去的經驗，像是德國的[UNK]262和美國的[UNK]-59戰鬥機等，與二戰時期的雙發動機飛機設計相去不遠，大多是使用前三點起落架
2283,道格拉斯
2284,玉米
2285,
2286,五個
2287,民國25年
2288,松花江
2289,歐洲
2290,宋理宗
2291,無塵室
2292,2018年
2293,北韓第13屆最高人民會議第2次會議
2294,紅水河
2295,
2296,斯芬·佩斯
2297,2001年
2298,大道東
2299,6.6千兆瓦來自下薩克森邦
2300,副熱帶濕潤氣候
2301,1200萬名
2302,總督
2303,2007年
2304,31個
2305,1998年
2306,林天宏
2307,杜篤瑪
2308,12個
2309,西伯利亞
2310,櫻花大道
2311,焦爾達諾·布魯諾
2312,國際網球協會
2313,河西
2314,比較具體的修飾手法
2315,官僚主義者階級
2316,太守
2317,心臟
2318,1180年
2319,三歲
2320,睡眠障礙
2321,
2322,阿克爾自治市
2323,香港人
2324,都市計劃
2325,西班牙
2326,布爾人
2327,頭盆
2328,校園一卡通
2329,2比1
2330,海澄公
2331,臭氧層
2332,新杜老誌夜總會
2333,何應欽
2334,黃金聖餐杯
2335,1919年
2336,1939年
2337,證明寄郵人已支付全部或部分傳遞費用
2338,噪聲
2339,
2340,南源玉帶河發源於寧強縣南部，長101公里。北源沮水
2341,蘇聯海軍
2342,音樂
2343,《四十二章經》
2344,阿爾杜伊尼卡家族
2345,工業發展
2346,海因利希・弗格勒
2347,第五套
2348,中華人民共和國
2349,《韓國憲法
2350,爭取陽光
2351,《失落的故事集》
2352,11月11日與法國求和
2353,1950米
2354,原始宗教
2355,1區
2356,博物學
2357,杭州
2358,戰鬥機
2359,1970年
2360,威廉·馮特
2361,彰化市民代表
2362,法國大革命時期
2363,明朝
2364,2013年
2365,朱德
2366,不願被俘
2367,唐代
2368,1963年
2369,東經
2370,西排立
2371,主語
2372,核心
2373,電磁波理論
2374,德國財政局
2375,1927年
2376,2014年
2377,
2378,2007年
2379,法國
2380,防止了敵人在1760年10月前的大規模入侵
2381,外匯商店
2382,鞏固自己及子孫的統治
2383,蒙古語
2384,甲醇
2385,元太宗
2386,15625億日元，其中輸送用機械的比重最高，其次是電子設備、食品、泛用機械。這四個行業均佔比超過10%，合計佔比超過七成。就區域分布來看，長崎市曾長期是長崎縣內工業生產額最高的市，但在2014年已被諫早市略微超過，兩市合計佔全縣工業品生產額的過半數
2387,印度教經文
2388,1221年
2389,918年
2390,北非作戰階段
2391,依法治國
2392,1987年
2393,[UNK]連線酶
2394,金軍
2395,28年
2396,雙打線內
2397,心室底壁組織
2398,梁[UNK]
2399,40年
2400,2901.3平方公里
2401,新北市
2402,郭守時擔任都水監
2403,高等學校新生入學考試制度
2404,靠近中國大陸的大陸型氣候，氣溫比台北低，年平均溫度為攝氏18.6度，早晚溫差亦大
2405,學習偉大領袖毛澤東」
2406,19世紀
2407,檀君古朝鮮
2408,康熙帝
2409,
2410,清宣宗時代
2411,南征南宋
2412,黑色貝雷帽
2413,三國史記
2414,四次
2415,林彪
2416,顯性文明
2417,1972年
2418,錫克教
2419,分裂
2420,喪失生育力
2421,1603年
2422,一分
2423,火山國家公園
2424,2003年
2425,各種競速機的比賽與獎勵
2426,新石器時代
2427,馬可波羅
2428,古列爾莫·馬可尼從英國發射無線電訊號，越過大西洋，傳送至加拿大。5年後，無線電之父李·德富雷斯特
2429,1958年
2430,世界氣象組織
2431,通貨膨脹
2432,1820年代
2433,環境食物局
2434,35%
2435,天主教
2436,食品業
2437,1959年
2438,2010年
2439,
2440,7920公里/小時
2441,仙台市
2442,周叔蓮
2443,蓋銷
2444,哈爾濱
2445,1967年
2446,義和團事變
2447,混合苦膽的酒
2448,建文二年
2449,關島組織法
2450,2008年
2451,邊防具體業務工作
2452,保羅親王
2453,19世紀晚期
2454,國際轉口貿易
2455,合不勒汗
2456,高句麗
2457,窩闊台汗國
2458,民國14年
2459,49.3萬人
2460,巴納德
2461,量子光學
2462,糧食
2463,愛河
2464,全國地圖正保御國繪圖
2465,民國3年
2466,養老保險
2467,燃燒燃料
2468,坎貝爾
2469,港島區
2470,1221年
2471,阿得雷德的去世
2472,《中國共產黨章程》
2473,二十歲
2474,打比賽
2475,中村法道
2476,廣州
2477,左丞相阿忽台
2478,391年
2479,
2480,1843年
2481,1260年
2482,13小時
2483,氦
2484,戰基處營區土地
2485,忽必烈
2486,巴西爾
2487,黑死病
2488,1948年6月20日
2489,卡胡盧伊
2490,硫化氫
2491,氮化硫
2492,三屆
2493,1972年
2494,都市計劃
2495,輻射出的能量
2496,日本
2497,情感支持
2498,6位
2499,司馬休之
2500,環保非盈利機構
2501,公民化
2502,臺資企業
2503,國民政府時期
2504,古列爾莫·馬可尼
2505,艾吉巴斯頓水塔
2506,代王
2507,海邊
2508,匹茲堡
2509,威廉·赫歇爾
2510,
2511,鞏固一黨專政的體制
2512,[UNK]靼海峽
2513,1989年
2514,花垣鎮
2515,東部
2516,毒品
2517,7%
2518,韓國
2519,性感形象演出
2520,新婚之夜
2521,香港
2522,農民階層
2523,
2524,索契
2525,比利時
2526,西南大學
2527,支持臺灣獨立
2528,足利尊氏
2529,托木斯克
2530,
2531,1905年
2532,《臺灣自救運動宣言
2533,工業
2534,十億年前
2535,1414年
2536,英國
2537,1950年代
2538,2500米
2539,南極條約協商會議
2540,布里亞特人
2541,宋高宗建炎元年
2542,民國8年
2543,1843年
2544,前279年
2545,中國大陸
2546,1584年
2547,瓦倫本哥國家公園
2548,1899年
2549,
2550,1960年代
2551,1640年
2552,交通不便
2553,突厥
2554,港鐵
2555,梅艷芳是女低音
2556,1841年
2557,1999年
2558,2005年9月23日
2559,宋代
2560,國家預防腐敗局
2561,風速並不穩定
2562,大學生研究計劃
2563,彌陀路二二八紀念碑
2564,1994年
2565,王亞南
2566,茂蘿街
2567,八零年代
2568,1233年
2569,大阪堂島
2570,瑞派克路
2571,傳統白熱電燈泡
2572,第三代戰鬥機
2573,黨委
2574,明代
2575,重工業
2576,
2577,1952年
2578,遭到執政政府的暗殺
2579,防空專用的火炮
2580,十月革命
2581,金正恩
2582,蘇聯
2583,公元1世紀
2584,1904年4月1日
2585,對外徵求改制後的新市名，並舉行網路投票
2586,磁力線
2587,紹興十一年
2588,軍事坑道靠一座水泥橋
2589,調節氣溫
2590,日本青年社
2591,廣東籍
2592,古典希臘
2593,自由派
2594,1990年代
2595,秋明州
2596,倫敦煙霧事件
2597,加州
2598,自由
2599,韓國
2600,不穩定性
2601,北方太平洋品種的大馬哈魚常於9－10月回到黑龍江、烏蘇里江等河中產卵
2602,亨利克萊
2603,洞窟
2604,漢江自古就是韓國人民發展生息的生命線。韓國的湖泊較少，位於濟州島漢拿山山頂火山口的白鹿潭
2605,赫爾伯特·查普曼
2606,噪音過大
2607,廿八歲
2608,濟南
2609,2016年
2610,印度國民軍士兵大審判
2611,德國籍樞機
2612,中華民國教育部核定名列邁向頂尖大學計畫，受美日領事機構
2613,2比1
2614,參議院
2615,1861年
2616,1991年
2617,領土主權
2618,1953年
2619,白[UNK]紀末滅絕事件
2620,2003年3月4日
2621,曼莫漢·辛格
2622,刺激性
2623,七七事變
2624,民主黨
2625,1895年
2626,中華民國99年12月25日
2627,法蘭克福
2628,漢拿山
2629,拒絕投降
2630,生母慈禧皇太后
2631,1600分
2632,保羅•狄拉克
2633,發球失誤
2634,第一次鴉片戰爭
2635,特殊黨員
2636,中國
2637,蔡素玉
2638,加拿大
2639,工藝上的難度不獲好評
2640,中國特色社會主義理論
2641,2006年
2642,4個
2643,溫州
2644,下薩克森邦
2645,《宅地法》
2646,洛克菲勒紀念教堂
2647,駐越美軍
2648,燈罩
2649,高房價
2650,1849年
2651,2016年9月30日
2652,改革法案
2653,中國共產黨
2654,1957年
2655,伊斯蘭教
2656,元弘之亂
2657,8月
2658,伊斯蘭教
2659,暴雪娛樂公司
2660,第二次義大利衣索比亞戰爭
2661,英屬維京群島
2662,理論心理學
2663,西方墨點法
2664,136.03萬人
2665,唐朝
2666,攔截機種
2667,伍德羅·威爾遜
2668,240℃
2669,
2670,中華民國
2671,創造台中大學生的就業機會
2672,1803年
2673,胡圖族
2674,雕塑
2675,[UNK]
2676,杜林
2677,庫侖阻力
2678,回應附近區域的學位緊張
2679,臺澎金馬個別關稅領域
2680,聖巴巴拉學院
2681,西塞羅
2682,英軍司令部
2683,
2684,法西斯義大利
2685,2012年
2686,三重忠孝橋
2687,摩根
2688,1861年
2689,高崗
2690,1930年
2691,進行海水淡化
2692,大學文憑
2693,台灣小百岳
2694,無爭議性
2695,1779年
2696,印尼
2697,人本主義
2698,首爾塔洞公園
2699,7票棄權
2700,大清帝國
2701,公開產品
2702,3%
2703,
2704,普法戰爭
2705,什錦麵
2706,供給創造需求
2707,中東
2708,民國三十八年
2709,蔣中正
2710,土魯斯
2711,
2712,中國大陸
2713,甘蔗
2714,早已不滿北條氏專制政權
2715,第一個用戶嘗試儲存網頁時
2716,史都華演出懷特·厄普
2717,昆明公交公司
2718,2011年
2719,巴洛克風格
2720,獨裁政體
2721,2008年
2722,納粹黨
2723,清政府
2724,拿破崙
2725,大陸黃金十年高峰時人平均[UNK]是[UNK]，為大陸2.5倍，到1945年因戰時的盟軍破壞
2726,漢魏故城
2727,1920年代
2728,青天白日滿地紅旗
2729,威廉一世
2730,
2731,第1668號
2732,1702年
2733,提高反應與效率
2734,新加坡
2735,同盟國
2736,1944年
2737,
2738,布里斯托大學
2739,河運
2740,以伏爾加河為界
2741,國際動物命名委員會
2742,黃金自由貿易
2743,羅貫中
2744,集中式太陽能發電站
2745,大韓帝國
2746,
2747,第265任
2748,蒸汽機車
2749,死亡
2750,4500人
2751,阿拉瓦克印第安人
2752,告士打道
2753,日本
2754,兩馬赫
2755,德國
2756,蘿蔔糕
2757,伽利略
2758,1875年
2759,裏海
2760,1863年
2761,1828年
2762,1637年
2763,1829年
2764,杜林
2765,2009年
2766,豐臣氏
2767,1970年代
2768,尹伊桑
2769,拿破崙
2770,4個月後，丸都山城就再次毀於戰火。391年
2771,11月祭
2772,中華人民共和國
2773,愛格思海金斯公司
2774,阿拉巴馬州憲法委員會
2775,2015年
2776,《羅馬十二帝王傳》
2777,呂蒙
2778,傑斐遜·戴維斯
2779,1799年
2780,70%
2781,
2782,第三世界國家
2783,國民黨
2784,入學考試
2785,擔心引起教會勢力的強烈反彈
2786,伊斯蘭哈里發軍隊
2787,俄國
2788,2003年1月12日
2789,明代
2790,1951年4月13日
2791,基督教
2792,心血管疾病
2793,中心
2794,元朝
2795,硫酸
2796,
2797,超級基金法
2798,中華人民共和國
2799,俄羅斯帝國
2800,募兵制
2801,1933年
2802,2001年
2803,羅禪征伐
2804,1765年
2805,天主教會
2806,《有關國軍參與海外派遣活動的法律案
2807,大滿貫
2808,華沙
2809,伯力
2810,外交政策
2811,長度為輔音的發音
2812,8世紀
2813,約翰二世·科穆寧皇帝
2814,美泉宮
2815,北海道帝國大學
2816,2008年
2817,信陽
2818,地區邊界
2819,電腦
2820,動物命名法應用於已知的現生種和已滅絕動物以及其各級分類階元的科學命名，涉及科、屬、種以及亞種和動物產物。根據假想概念、畸形標本作出的命名以及對雜種、亞種一下階元如變種、類型的命名和俗名土名不在動物命名法
2821,2016年
2822,1789年
2823,繼承汗位
2824,國際動物命名法委員會
2825,假意將官屬全部捆縛
2826,金靴獎
2827,齊格蒙特三世
2828,考古學證明天文學
2829,地區政府
2830,萊茵河
2831,植入性胎盤
2832,新約正典
2833,周幽王
2834,攻占納哈出的金山
2835,堂島米相場會所
2836,內燃機
2837,銀熊獎
2838,1968年
2839,靜止心率
2840,舊金山和約
2841,10名
2842,1989年
2843,武昌起義
2844,直接管理寺院周圍13莊政教事務
2845,殺傷力大
2846,第一波新政
2847,非歐幾里得幾何
2848,1976年
2849,地球大氣層及其他天體之外的虛空區域
2850,統一
2851,1980年代
2852,楊森
2853,1859年
2854,更好的與羅馬帝國進行貿易活動
2855,學權部
2856,宋文帝
2857,粵西
2858,羅斯托克港
2859,北印度和巴基斯坦的印度河文明
2860,约瑟夫·斯卡利格
2861,湖州人
2862,維多利亞港
2863,郵箱業務
2864,20%
2865,分發式政策
2866,
2867,12歲
2868,烏干達
2869,1000米
2870,馬關條約
2871,羅斯福
2872,大陸性季風氣侯
2873,
2874,1席
2875,過渡時期憲法
2876,益州
2877,段思平
2878,1953年
2879,
2880,海南特別行政區海口市
2881,社會學
2882,有性生殖
2883,遺傳定律
2884,戰鬥機是指主要用於保護我方運用空權以及摧毀敵人使用空權之能力的軍用機種
2885,寮國
2886,2000年
2887,15年
2888,魚雷艇
2889,
2890,第26屆
2891,
2892,第三心音
2893,1989年
2894,史達林
2895,減少塞車情形
2896,英國
2897,廣州鐵路公司，是中國鐵路總公司下屬公司。廣鐵集團歷史可上溯至1936年所成立的衡陽鐵路管理局衡陽鐵路局。1958年衡陽鐵路局機關南遷廣州，是為廣州鐵路局
2898,
2899,沉默寡言
2900,孫傳芳
2901,元滅宋之戰
2902,亞歷山大·羅德
2903,阿卡狄烏斯
2904,北美
2905,《農書》
2906,蘇聯
2907,中世紀中期
2908,美國登山車協會
2909,庫曼語
2910,台南
2911,西方
2912,學費較高
2913,1987年
2914,發願
2915,1843年
2916,阿爾沃蘭海，是地中海的一個附屬海，是一片夾在伊比利亞半島和非洲大陸西端末尾之間的海域，通過直布羅陀海峽
2917,把普選局限於男性
2918,現金增減變動情形
2919,1923年
2920,鏡廳
2921,安帝
2922,
2923,托列斯海峽
2924,自由民主黨
2925,印度洋
2926,兩年
2927,大致平坦的地貌
2928,磷礦石
2929,美國
2930,克羅埃西亞、斯洛維尼亞、蒙特內哥羅等社會主義共和國
2931,1512年
2932,消亡階段
2933,肌萎縮性脊髓側索硬化症
2934,軍事防衛
2935,哈德良
2936,《關於托勒密和哥白尼兩大世界體系的對話》
2937,傳送其基因組進入其他細胞，進行感染的分子機制
2938,綠色能源電力
2939,種族
2940,張成澤
2941,盧安達
2942,戴爾廣場足球俱樂部
2943,厄爾布魯士峰
2944,國民政府
2945,明朝
2946,武器設計製造人才
2947,2002年
2948,沒有
2949,50個
2950,科學博物館
2951,春城
2952,1874年
2953,現代漢語
2954,金泳三
2955,控制自己的體重
2956,新生代時期
2957,勒克瑙協定
2958,國防報告書
2959,忽必烈
2960,電動機
2961,承辦五大宗教
2962,聯合國
2963,內需市場
2964,
2965,接班第一步
2966,啟德機場
2967,奧地利
2968,日本
2969,愛爾蘭語
2970,沉默寡言
2971,汽運
2972,敦煌石窟
2973,鍾祥蘭台宮
2974,朝鮮
2975,1971年
2976,國際航空
2977,兩天
2978,喀喇汗國
2979,戰鬥機
2980,黨內上層
2981,1932年
2982,1952年
2983,葛摩
2984,2003年1月12日
2985,釣魚臺
2986,紐科門
2987,村委會
2988,猶太會堂
2989,三菱
2990,《韓國憲法》
2991,岳飛
2992,侍衛親軍
2993,道元禪師
2994,1637年
2995,西晉
2996,西人黨又分為老論派
2997,民國26年
2998,墨西哥
2999,一次世界大戰時期
3000,大朝鮮國
3001,鋼筋混凝土
3002,熱帶稀樹草原
3003,1171年
3004,《日韓合併條約》
3005,羽柴秀吉
3006,中產階級
3007,民國四十三年
3008,第45屆日本眾議院議員總選舉
3009,魏源
3010,教宗保祿六世
3011,精神醫學
3012,庫務局
3013,印度-雅利安語言
3014,元帝不重視科舉
3015,先發制人入侵薩克森和波西米亞時，引發了七年戰爭。這場戰爭對普魯士的軍隊來講是一場艱苦的戰鬥
3016,艾瑪·史東
3017,1624年
3018,第三產業
3019,兩極
3020,德宏州
3021,25個
3022,史蒂芬生
3023,查士丁尼一世
3024,華北平原
3025,振州
3026,克里米亞[UNK]靼人
3027,吳有性
3028,英國
3029,伊斯帕尼亞
3030,辛亥革命
3031,六十年代
3032,
3033,
3034,兵部右侍郎兼都察院右都御史
3035,六四天安門事件
3036,劉少奇
3037,《北京條約》
3038,2008年
3039,1988年9月20日，當時的名譽校長嚴濟慈在建校三十周年
3040,森林覆蓋率
3041,國民議會
3042,肉牛
3043,
3044,生活部
3045,工業文明崛起後特殊的文化現象之一。人類在19世紀，全面進入以科學發明和技術革命為主導的時代後，一切關注人類未來命運的文藝題材，都不可避免地要表現未來的科學技術。而這種表現，在工業革命之前是不可能的。而科幻小說最大的特徵就在於，它賦予了幻想依靠科技
3046,25萬人
3047,調整其以往只與西方資本主義國家發展關係的外交政策
3048,300公厘以下，蒸發量大於降水量，日夜溫差大，如撒哈拉沙漠、戈壁沙漠等。隨著地點的不同，降雨量和氣溫也有很大的不同，如智利阿塔卡馬沙漠位於熱帶，且幾乎全年無雨，北美的索諾蘭沙漠卻有每年近300公釐
3049,廖內省
3050,南宋洪邁
3051,淮安區境內
3052,稻田
3053,
3054,2002年
3055,50%
3056,西里爾字母
3057,荷蘭人
3058,中國共產黨紀律檢查機關
3059,第五大
3060,契約經濟
3061,水運
3062,日軍河本大作大佐
3063,保護蒙古人地位
3064,工農業
3065,資本主義
3066,四品
3067,金正恩
3068,
3069,盟國
3070,南宋紹興二十二年
3071,蘭希佩洛西
3072,1871年1月18日
3073,劉少奇
3074,90年代
3075,溫尼伯國際機場的加拿大軍事基地。基地擁有飛行運行支持部門和幾所航空培訓學校，以及加拿大空軍一師和加拿大北美空防司令部地區總部
3076,朝鮮民主主義人民共和國
3077,灌輸人民為國護國的愛國思想
3078,2部
3079,交通部觀光局東北角暨宜蘭海岸國家風景區管理處
3080,黑龍江
3081,奧勒良
3082,長水村
3083,八王之亂
3084,居民委員會
3085,民國29年
3086,降低貸款利息
3087,1980年2月24日
3088,通化市
3089,康熙帝
3090,烏茲別克斯坦
3091,玉米
3092,樺樹
3093,建設性的互補夥伴關係
3094,2006年
3095,賽丁泉天文台
3096,馬克思主義
3097,引導1000架轟炸機
3098,夫餘人
3099,清宣統二年
3100,西德
3101,製導合一
3102,足式臀位
3103,駱克道
3104,71.7公里
3105,拜占庭帝國
3106,肌源性自律性
3107,廣電總局
3108,十三翼之戰
3109,麥克阿瑟將軍
3110,腓特烈大街車站
3111,京杭大運河
3112,雲貴高原
3113,喀喇汗國
3114,1918年
3115,紅衫軍運動
3116,兵分二路
3117,烏來區
3118,綠窗口
3119,數位訊號系統
3120,希臘文化
3121,將幽州
3122,
3123,直皖戰爭
3124,1970年代
3125,曲藝表演藝術
3126,所率部隊行軍剛到豐城，寧王朱宸濠突然舉事
3127,周恩來
3128,貴霜帝國
3129,1956年
3130,南海縣
3131,92部
3132,韓國
3133,成法
3134,4000米
3135,王陽明
3136,1919年
3137,
3138,
3139,印度教
3140,青天白日勳章
3141,布爾什維克
3142,浙江紹興浙軍第二旅第六團第三連當見習官
3143,中國人民解放軍和公安的分工主要是任務不同
3144,信陽市
3145,13世紀
3146,1867年
3147,日本武士時代
3148,武漢大學
3149,貝爾格勒
3150,豐田汽車
3151,政府財政撥款
3152,1918年
3153,1972年
3154,柴油
3155,首都
3156,城東地區
3157,有絲分裂
3158,卡爾施塔特
3159,拉丁字母
3160,二氧化碳
3161,1987年
3162,《三國演義》
3163,黃琪翔
3164,中國人民銀行
3165,都市
3166,玫瑰盃[UNK]
3167,2006年
3168,土地改革
3169,喬治·盧卡斯
3170,皇家學會
3171,周恩來
3172,1739年
3173,民族文化多元化
3174,《開槍射擊令
3175,男子商人合營技術學院就讀。他的父親在那裡是一位法語老師。這所學校是布里斯托大學
3176,商業上的活力
3177,大化瑤族自治縣
3178,東側
3179,田春蔚
3180,冬季奧運會
3181,亞屬名
3182,全國經濟委員會
3183,艾薩克·牛頓
3184,馬薩諸塞州
3185,4世紀
3186,第一個階段
3187,蘇聯
3188,麗貝卡·布蘭克
3189,《東方紅》
3190,太平洋戰爭
3191,宋元豐五年
3192,強迫韓國文壇日語化
3193,彭浩翔
3194,北京
3195,1942年中
3196,
3197,南斯拉夫社會主義聯邦共和國
3198,兩年
3199,公元前194年
3200,俗世什一稅
3201,受貨幣經濟影響
3202,后妃傳
3203,1967年
3204,曼努埃爾一世
3205,
3206,31個
3207,韓國國語文學陷入空前的黑暗
3208,新北市
3209,北竿島的壁山
3210,山口鐵五郎
3211,奧圖·普萊明傑
3212,1235年
3213,莫高窟
3214,
3215,獨立議會
3216,2017年
3217,天主教
3218,新北市
3219,量子光學
3220,加勒比海
3221,1929年
3222,民間擴展到上層文人
3223,鱷魚
3224,格爾拉赫峰
3225,提出議案
3226,三跨一懸挑」形式
3227,被日本人鎮壓
3228,江北地區
3229,希臘文化
3230,19世紀
3231,中山粵菜
3232,弗拉維烏斯·奧古斯都·霍諾留
3233,左丞相阿忽台
3234,倭國
3235,1949年
3236,第四次十字軍東征
3237,學生代表大會由各系選舉之學生代表
3238,
3239,昆明原機場昆明巫家壩國際機場
3240,豐田汽車
3241,總鰭魚類
3242,負責全國邊海防工作
3243,游隼
3244,1955年
3245,馬爾吉特
3246,19世紀
3247,大爆炸理論
3248,麻省理工
3249,漢族人口居多，2010年末共有314.23萬人
3250,24位
3251,小高加索山脈
3252,經濟部
3253,軍事科研活動
3254,中國共產黨紀律檢查機關
3255,南陳後，開始要求周邊國家為其臣屬。高句麗與隋朝的關係逐漸進入戰爭狀態。開皇十年，高句麗平原王「治兵積穀，為守拒之策」，隨時準備迎戰隋朝大軍。開皇十八年，高句麗先發制人突襲遼西的營州，激怒隋文帝，引發高句麗與隋朝第一次戰爭。隋文帝遣三十萬兵分水陸兩路攻打高句麗。但隋軍因遭大雨
3256,民主黨
3257,1636年
3258,性善論
3259,平分秋色
3260,文化大革命
3261,公元第二世紀
3262,美國陸軍航空隊
3263,大蒙古國
3264,漢朝軍事壓力
3265,1924年
3266,2013年1月1日
3267,毛澤東
3268,民國39年
3269,
3270,碳融合
3271,儲備已由危機時的39億美元恢復到978億美元，外匯儲備量世界第五
3272,布爾什維克革命
3273,民國元年
3274,1909年
3275,1233年
3276,2015年
3277,卡佩爾戰爭
3278,網路龐克
3279,教會法學
3280,維多利亞湖
3281,《禁書目錄
3282,馬英九
3283,台北曲藝團
3284,朱文圭
3285,巴夏禮
3286,廣島市
3287,監理會
3288,毒品
3289,韓國
3290,沒有
3291,1891米
3292,馬來西亞
3293,烏爾蘇拉
3294,92%
3295,李算
3296,秋明州
3297,中華人民共和國憲法
3298,馬林諾夫斯基
3299,英國的政治哲學家，創立了機械唯物主義的完整體系，認為宇宙是所有機械地運動著的廣延物體的總和。他提出「自然狀態」和國家起源說，認為國家是人們為了遵守「自然法」而訂立契約所形成的，是一部人造的機器人，當君主可以履行該契約所約定的保證人民安全的職責時，人民應該對君主完全忠誠。他於1651年
3300,忽必烈
3301,荊州士族
3302,制度
3303,
3304,雙重匯率
3305,1971年
3306,1281年
3307,速度
3308,吐蕃文字
3309,小高加索山脈
3310,可以用來指揮小隊或中隊
3311,明朝
3312,動物脂肪
3313,幹線道路
3314,奈及利亞
3315,1955年
3316,976毫米
3317,拉丁帝國
3318,路易·菲利普國王
3319,台北曲藝團
3320,1913年
3321,1903年
3322,鐵元素
3323,伊斯蘭教
3324,9世紀
3325,特別警察部隊
3326,內蒙古自治政府
3327,獅子外型
3328,宋高宗
3329,
3330,美元
3331,恆星
3332,獅子派
3333,乾隆皇帝
3334,讀書會
3335,1992年
3336,西班牙
3337,朝鮮民主主義人民共和國元帥
3338,成吉思汗時代
3339,政體並未完全掌控社會經濟
3340,地中海
3341,1908年
3342,37年
3343,牡丹峰樂團團長
3344,君士坦丁八世
3345,空氣汙染
3346,1949年
3347,岳飛
3348,劉牢之
3349,105名
3350,卓袱
3351,五分之四
3352,福建華僑
3353,民族主義復活
3354,德國
3355,現代漢語
3356,集安
3357,1970年
3358,與氫結成有毒化合物硫化氫後有一股臭味
3359,隆納·雷根
3360,五年
3361,瓜拿納樹
3362,胡圖族和圖西族
3363,髒層
3364,需加壓
3365,遺傳物質
3366,破壞歐陸均勢
3367,海什木
3368,2006年
3369,白[UNK]紀中期
3370,莫里斯哈勒
3371,克勞德夏農
3372,印度
3373,1932年
3374,人口較南方多出許多
3375,1964年
3376,通俗科幻小說雜誌
3377,法語
3378,政治主張
3379,兩岸經濟合作架構協議
3380,合肥市政府
3381,理查特里維西克
3382,靠一座水泥橋相連
3383,彌爾
3384,《續資治通鑑長編》卷323宋元豐五年二月己巳條
3385,幽默
3386,無量山
3387,
3388,田納西·威廉斯
3389,十分不利
3390,現代主義
3391,1961年
3392,計劃經濟體制
3393,英國
3394,聶耳
3395,模特兒
3396,1284年
3397,民國27年
3398,悉曇體
3399,14.63萬
3400,2005年3月20日
3401,
3402,路易十三
3403,沃爾特蒙代爾
3404,1936年
3405,拒絕王公在無嗣的情況下選擇繼承人
3406,伊利諾州
3407,公元前240年
3408,獅子亨利
3409,性犯罪的原因，包括性騷擾、通姦和不正當關係等。2005年以來有18名將軍被解職，其中10人是因為性犯罪。數據顯示，自2005年到2013年，共有255名指揮官被解職，其中78人是因為性犯罪
3410,地質作用
3411,信陽長台關
3412,第三代
3413,黃大仙區
3414,忽必烈
3415,1970年，登山用途的腳踏車出現﹐腳踏車的另外一項劃時代
3416,羅馬人
3417,至元十八年
3418,新型脫殼穿甲彈
3419,德川家康
3420,高速線哈大客運專線
3421,中國民間藝術之鄉
3422,佛教
3423,恰克圖條約
3424,境內主要河流多源於南部內陸高原地區
3425,建立「1月6日獨裁
3426,巴洛克城堡
3427,臺灣
3428,協助自殺
3429,西晉
3430,美國[UNK]電視台
3431,1985年
3432,7980
3433,1991年
3434,11世紀
3435,郭松齡
3436,1935年
3437,歐」型恆星
3438,中國國民黨之政治主張
3439,鳩山一郎
3440,2014年
3441,花垣鎮
3442,農村金融體制
3443,兩年
3444,飛機與潛艇性能提升，以及導彈
3445,1976年
3446,憫農詩
3447,15個
3448,宋公
3449,希洛分基地
3450,漢地大都
3451,袁世凱
3452,蓬萊閣
3453,雨果
3454,鄧小平
3455,開放市場
3456,維爾紐斯
3457,民國時期
3458,西部片
3459,雜交帶
3460,1990年代後期或以前，香港人口是男多女少，約2000年代
3461,《斯納格的奇妙大陸》
3462,1978年
3463,儒家思想
3464,1954年
3465,
3466,粵西
3467,1897年
3468,國務院總理
3469,1920年
3470,發現了後醍醐天皇的倒幕企圖
3471,加入許多區域性的組織
3472,倭王權
3473,過海隧道
3474,1991年
3475,約瑟夫
3476,大部分的時間都在國外生活
3477,反手擊球
3478,大爆炸理論
3479,新南威爾斯學校
3480,良好行為
3481,造田興水
3482,中華人民共和國
3483,朱棣
3484,49.5萬
3485,軍隊士兵主要由穆斯林和印度教徒構成
3486,亞俄
3487,越南陳朝
3488,1941年
3489,生命線類
3490,機場快線
3491,麥茨要塞
3492,溫病學派著作《瘟疫論》，為中國最早有關傳染病研究的著作。另外有明代茅元儀的軍事書籍《武備志》，記載有當時的兵器發明
3493,歐洲
3494,古坡詩語
3495,1786年2月2日，亞洲協會
3496,19世紀晚期
3497,1991年
3498,馬祖列島
3499,中華民國
3500,1999年
3501,燈塔
3502,燈塔
3503,輕型小遊艇
3504,兩小時
3505,馬祖列島民間傳說研究〉這一篇論文是研究哪一區的民間傳說？[SEP]化協會，馬駐閩東文化交流協會，馬祖東咀文化促進協會，馬祖古版協會，連江縣攝影學會，馬祖閩東建築藝術發展協會，媽祖在馬祖文化交流協會，馬祖福，隆海花卉等。文學活動方面，2009年，連江縣
3506,
3507,連江縣政府
3508,秋季
3509,秋季
3510,農曆九月初九重陽節
3511,馬祖
3512,黃金腳
3513,解除戰地政務
3514,觀光
3515,武俠村
3516,平原地形
3517,240萬點五
3518,網球
3519,網球
3520,網球
3521,主裁判
3522,裁判
3523,正式比賽
3524,網球
3525,國家
3526,發球技術
3527,西方式握拍
3528,西方式握拍
3529,西方式握拍
3530,14世紀
3531,黃色網球
3532,制勝球
3533,制勝球
3534,非營利博物館
3535,草地
3536,一局比賽結束之後
3537,1-5
3538,失去一分
3539,四年
3540,2010年
3541,四年
3542,7175
3543,新北市
3544,新北市
3545,平溪線
3546,環狀線，都與該站共構
3547,臺北市公車聯營管理中心
3548,
3549,淡水河
3550,新北市
3551,
3552,芙蓉海水浴場內外，兩個沙灘上所搭建的表演場地
3553,新北市政府文化局
3554,2007年10月1日
3555,120餘
3556,小型地方商圈
3557,新北市
3558,
3559,南陽西支流
3560,瑞典
3561,新樂隊
3562,耶穌基督
3563,猶大書
3564,耶穌的兄弟
3565,約翰
3566,羅馬皇帝
3567,語言學
3568,啓示錄
3569,屬馬利亞
3570,屬馬利亞
3571,聯邦制
3572,歐盟
3573,150萬美元
3574,2001年3月
3575,都市再生粒子因素
3576,今天
3577,
3578,城市規劃
3579,臺灣地區
3580,周禮考工記
3581,美軍基地
3582,加入了北美區號方案
3583,菲律賓馬尼拉汗
3584,定期航班
3585,關島地區醫療城
3586,2012年
3587,撞擊米之三，造成機上254人中228人死亡
3588,關島
3589,安納塔漢島
3590,安納塔漢島
3591,珊瑚環礁
3592,c
3593,颱風走廊
3594,混凝土結構
3595,哈爾斯山脈
3596,
3597,聯合政府
3598,
3599,水稻栽種過程中，不使用化學合成農藥及化學肥料，纔有機事管理，種植生產的稻米
3600,光子
3601,溫度
3602,白[UNK]紀第三紀
3603,七克蘇魯伯撞擊事件
3604,盤古大陸
3605,晚期
3606,赤道地區
3607,費力組織
3608,非營利組織
3609,非營利組織
3610,會員大會
3611,展場模特兒
3612,局部模特兒
3613,
3614,部落
3615,音質貴族系統
3616,政客是爲了下一次的選舉，政治家卻是爲了下一代。政治人物又有爲了下一代子孫的尊嚴，自主與幸福着想，纔是真正的政治家
3617,新的政客
3618,政治人物
3619,1953年發生了617事件
3620,13日
3621,1961年8月12日
3622,年輕人
3623,1963年
3624,安靜的氣氛
3625,東北主要城市
3626,1971年4月10日
3627,44年
3628,1989年
3629,
3630,德意志民主共和國
3631,1949年
3632,1961年
3633,馬列主義
3634,計劃經濟
3635,
3636,推進人權
3637,很難取證
3638,移民
3639,
3640,德國
3641,統一社會黨
3642,2.8%
3643,1985年
3644,社會主義現實主義的藝術系
3645,俱樂部
3646,俱樂部
3647,1857年
3648,十年
3649,普通教育學校
3650,天主教
3651,1945年
3652,馬克思主義學說
3653,蘇聯
3654,聯邦德國基本法和西柏林憲法規定，其柏林隸屬於聯邦德國的一個州，三國認爲該規定同，銅陵的現實地位不符，宣佈該條款不生效，但認爲西柏林與聯邦德國間有着特殊關係
3655,金龍山
3656,釜山
3657,溫帶落葉闊葉林
3658,工業原料
3659,韓國
3660,2.1%
3661,
3662,韓國
3663,韓國
3664,美國，日本
3665,2007年5月
3666,韓國科學技術研究院
3667,韓國
3668,蘇聯
3669,蘇聯
3670,儒教
3671,甲午戰爭
3672,韓國
3673,韓國戰爭後，韓半島的南北對峙導致了，南北韓現代文化的參與，但雙方傳統文化之亂象。看到了，在歷史上一直裝不了這一切的交往，而且還那麼崇拜文化，深受中國傳統文化影響，不過還有一種瀏覽器，的。韓國現代文化是韓國現代化
3674,佛教
3675,三國時期
3676,民間口頭傳說
3677,日本無條件投降
3678,好萊塢巨片鐵達尼號在韓國
3679,1991年，民營商業電視臺首爾放送
3680,2000年
3681,2000年
3682,豬肉
3683,豬肉
3684,韓國
3685,韓式泡菜
3686,韓國
3687,金屬筷子
3688,韓國燒酒
3689,2790060
3690,
3691,多倫多
3692,
3693,12度
3694,834公里
3695,多倫多皮爾遜國際機場
3696,401號省道
3697,多倫多足球俱樂部
3698,多倫多足球俱樂部
3699,多倫多證券交易所
3700,多倫多
3701,加拿大
3702,1787年
3703,要塞
3704,1787年
3705,1793年
3706,1793年
3707,1834年3月6日
3708,鐵路
3709,半個世紀後，多倫多於1954年
3710,81
3711,1107萬
3712,光緒十一年
3713,甲午戰爭
3714,光緒末年
3715,
3716,光緒末年
3717,市旗雜薩克
3718,外藩蒙古
3719,大蒙古八旗
3720,
3721,高句麗
3722,
3723,王都成
3724,王都成
3725,司馬懿
3726,隋朝
3727,突厥
3728,唐太宗李世前
3729,高句麗
3730,新城
3731,668年
3732,新羅
3733,新羅
3734,新羅神
3735,體積
3736,熱力學
3737,不確定性
3738,政府機構
3739,財經
3740,正面影響
3741,紫色絲病
3742,比爾蓋茨
3743,法蘭克蓋瑞
3744,每週功課
3745,秋季學期
3746,商陸
3747,224名
3748,物理學
3749,總統科技顧問委員會
3750,47位
3751,經濟顧問委員會
3752,路易斯委員會
3753,多元性
3754,1950年
3755,理學院
3756,史特拉斯堡
3757,聖母院博物館
3758,65萬
3759,法蘭西人
3760,19世紀
3761,第二次世界大戰
3762,旅遊業
3763,第二大
3764,萊茵河航運中央委員會
3765,聯合國教科文組織
3766,日耳曼語言的話語話。德語
3767,日耳曼人
3768,神聖羅馬帝國
3769,路德會大學
3770,馬賽曲
3771,19世紀
3772,德意志帝國
3773,高亭
3774,歐洲文藝復興
3775,現代
3776,
3777,後現代主義
3778,政治哲學
3779,貴族政治
3780,柏拉圖
3781,基督教
3782,托馬斯阿奎那
3783,蘇聯時期
3784,電力
3785,嘉定府
3786,成都平原
3787,峨眉山
3788,宋朝時改設嘉定府。元朝時改嘉定府路。明朝時改爲加定直隸州。清朝
3789,地級市
3790,中世紀
3791,哈康五世
3792,1299年
3793,人文主義
3794,挪威
3795,1814年
3796,挪威國會大廈
3797,阿克爾河沿岸
3798,1910年
3799,公共建築
3800,戰國時期
3801,春秋時期
3802,郡縣制
3803,秦漢北魏
3804,特別委員會
3805,1918年6月
3806,紅軍指戰員
3807,爲紅軍指戰員提供政治
3808,芬蘭
3809,莫斯科和平協定
3810,漢莎拉地區
3811,德意志國防軍
3812,蘇聯政府
3813,納粹
3814,近衛頭銜
3815,68
3816,三個月
3817,解放軍
3818,小金門國軍駐軍號及廈門市教黃厝村塔頭社
3819,美國第七艦隊
3820,胡錦濤
3821,臺灣泛綠陣營
3822,1912年
3823,清朝時期
3824,民不聊生的民國時期
3825,共產黨員在國民黨
3826,汪精衛領導的武漢國民政府
3827,1930年
3828,北伐期間，兩黨矛盾激化
3829,1955年
3830,渡江戰役
3831,1955年
3832,廣州
3833,大元帥府
3834,陳炯明
3835,盧溝橋事變
3836,中共
3837,
3838,熱帶氣旋
3839,
3840,1985年
3841,
3842,威爾士
3843,1958年
3844,世界盃賽
3845,巴西
3846,金球獎
3847,1998年
3848,倫敦奧運
3849,2014年
3850,提升對商業利潤的課稅
3851,新政聯盟
3852,7月
3853,杜魯門
3854,豬灣入侵
3855,美國人
3856,
3857,非裔美國人
3858,新政聯盟
3859,埃莉諾羅斯福
3860,埃莉諾羅斯福
3861,明尼蘇達州
3862,黑人
3863,能源部
3864,通信
3865,維吉尼亞州
3866,白人男性
3867,共和黨革命效應
3868,加拿大
3869,共和黨
3870,廢奴民主黨人
3871,凡爾賽條約
3872,富蘭克林德拉諾羅斯福
3873,外交部長理事會
3874,第37次
3875,2007年
3876,潘基文
3877,9月
3878,亞美尼亞
3879,2015年
3880,凹陷
3881,凹陷
3882,1100公尺
3883,新美天津大理石
3884,1920年8月10日，亞美尼亞與不爾什維克簽訂初步協議，同意在最終解決方案達成之前，有一個暫時的不二，什維克佔領此地區。1921年
3885,喬治亞
3886,不爾什維克
3887,亞塞拜然人
3888,赫哲族
3889,唐代
3890,唐玄宗
3891,1284年
3892,努兒乾地方
3893,元朝
3894,二妹公司
3895,西伯利亞
3896,嘉禾二年
3897,公孫淵之
3898,公孫淵之
3899,2000毫米
3900,梅雨時期
3901,2014年
3902,九州旅客鐵道
3903,舊石器時代
3904,道作農耕文明
3905,前方後圓墳
3906,前方後圓墳
3907,東山手和南山首地區
3908,岡本大巴事件後，德川家康更發佈禁酒令，對天主教
3909,斯洛文尼亞
3910,歐洲共同
3911,洛維尼亞
3912,大塞爾維亞主義
3913,1991年
3914,馬其頓
3915,南斯拉夫反法西斯人民解放委員會
3916,1945年
3917,3月
3918,中央委員會
3919,沙文主義
3920,會主義體制
3921,1980年
3922,爭取各自加盟國的權益
3923,爭取各自加盟國的權益，而不再信任中央的宏觀經濟計劃
3924,遺傳物質技術
3925,分子複製技術
3926,基因工程
3927,1973年
3928,基因轉殖生物體
3929,基因工程
3930,凝血因子疫苗
3931,基因轉殖小鼠
3932,複製和幹細胞技術
3933,複製
3934,基因轉殖生物
3935,同源基因
3936,加拿大
3937,美國憲法
3938,17歲
3939,美國綠卡
3940,國家安全會議
3941,美國國土安全部
3942,水泥
3943,人工土木建築材料
3944,
3945,羅馬人
3946,堅固耐久
3947,孔明車
3948,臺灣
3949,45公里
3950,勞動必須藉助資本
3951,
3952,
3953,中國大陸
3954,最安全
3955,丁磊
3956,出售郵件系統軟體授權
3957,新浪
3958,夢幻西遊也引髮網友狂潮
3959,2013年
3960,類比電路系
3961,發信機
3962,意見
3963,躁鬱症
3964,自殘
3965,古柯鹼
3966,
3967,華北地區
3968,汗蒸冰製
3969,泰晤士報
3970,泰晤士報
3971,第一主流大報，被譽爲英國社會的忠實記錄
3972,保守黨
3973,烏斯成爲西部的統治者
3974,395年
3975,
3976,阿瓦爾人
3977,帕多西亞，接着佔領了東羅馬帝國
3978,廣州
3979,漢格命派都
3980,劉師培
3981,江南平原
3982,14個
3983,行政院各部會
3984,黃大勇
3985,許家班
3986,沖積平原地形
3987,嘉義市
3988,選區
3989,江志強
3990,1923年
3991,武漢水利電力學院
3992,法國
3993,2013年
3994,
3995,伊麗莎白一世
3996,班傑明富蘭克林
3997,富蘭克林
3998,琥珀摩擦實驗
3999,熱量
4000,同級發電機
4001,法拉第定律
4002,纖維性抽搐
4003,奧斯卡最佳影片獎
4004,史詩片
4005,九部
4006,美國電影藝術與科學學院
4007,希臘新喜劇作家米蘭德
4008,形式的完美
4009,米蘭德
4010,20世紀之前
4011,99.999%
4012,磨山也爲木星鎖定
4013,七天三小時
4014,公元前3500年
4015,卡倫河
4016,卡倫河
4017,幼發拉底河
4018,獎勵活動，不僅是美國電影業界
4019,奧斯卡金像獎
4020,加州洛杉磯
4021,哈蒙奧斯卡尼爾森
4022,洛杉磯
4023,瑪格麗特喝力克女士
4024,1939年
4025,
4026,華東師範大學
4027,東營廈門大學教師教學質量不好
4028,戊戌變法
4029,徐才厚
4030,光緒帝
4031,康有爲
4032,蘇聯
4033,李提摩太
4034,外國公使
4035,義和拳
4036,李提摩太
4037,2007年
4038,6259.6公里
4039,秦漢
4040,漢
4041,蒙古
4042,漢
4043,朝鮮平壤
4044,契丹
4045,明朝
4046,點燃煙火
4047,長城
4048,中英煙臺條約
4049,馬關條約
4050,重慶
4051,重慶
4052,
4053,中華民國
4054,重慶
4055,火災演習
4056,重慶
4057,重慶
4058,兵工廠
4059,沙坪壩公園
4060,重慶兩江新區
4061,重慶
4062,藥用植物
4063,第七
4064,電子業
4065,重慶
4066,蕭條
4067,更換損壞莊稼
4068,把多餘糖顆粒帶焊接
4069,高爆反坦克彈
4070,保護他們相對脆弱的懸吊肌腱或前方下側的裝甲
4071,臺北國際金融中心
4072,陳水扁
4073,2005年
4074,總督
4075,中國共產黨
4076,西班牙
4077,1895年
4078,美國聯邦最高法院
4079,反對同性婚姻的人
4080,摩梭人
4081,1995年
4082,單身收養制度
4083,約1600萬
4084,社會壓力
4085,婚禮產業
4086,荷蘭
4087,
4088,
4089,1884年
4090,德國
4091,1939年
4092,1933年
4093,賓夕法尼亞州
4094,太空遊客
4095,60歲
4096,英國工程師
4097,英國
4098,1989年
4099,波蘭
4100,綠島
4101,活體珊瑚，蛋糕
4102,兩種
4103,跳格子遊戲
4104,討論自由
4105,19世紀
4106,大般若波羅蜜多經
4107,玄奘法師
4108,唐朝
4109,東吳大學
4110,1999年
4111,可
4112,印尼爪哇的馬來語
4113,27年
4114,1950年
4115,1942年
4116,1942年
4117,75歲
4118,美國電影學會
4119,1985年
4120,1946年
4121,1950年
4122,小白兔
4123,演唱
4124,1945年
4125,電視雜誌電視指南的封面人物
4126,1945年
4127,2008年
4128,美國空軍
4129,求婚喔
4130,1951年
4131,比佛利山莊
4132,祁漢吉米史都華共事的女星瓊克勞馥春
4133,政治
4134,1940年
4135,米高梅
4136,豐臣秀吉
4137,1592年
4138,
4139,
4140,太平洋
4141,一個月
4142,
4143,腎病
4144,商品的生產地
4145,美國
4146,日本
4147,1984年
4148,2008年
4149,1822年
4150,德川幕府
4151,1868年
4152,1899年
4153,日本政府
4154,日本
4155,爬行動物
4156,山羊也生化後大量繁殖
4157,釣魚臺主權的爭議
4158,1543年
4159,1918年
4160,1940年
4161,
4162,航路標誌法
4163,5月6日
4164,1857年
4165,葛羅男爵
4166,阿希伯納姆
4167,秦朝
4168,6月26日和27日
4169,2011年
4170,美國地質調查局
4171,東芝
4172,主要爲來自晶片及半導體部門的虛假營銷
4173,1875年
4174,2006年
4175,第二次世界大戰
4176,公元384年
4177,北魏藝術風格
4178,印度佛教文化
4179,蘇門答臘島
4180,充滿印度文化色彩
4181,裝飾爲主
4182,12世紀
4183,水墨畫
4184,漢明帝
4185,希臘
4186,南北朝時期
4187,北魏風格
4188,唐五代
4189,長安
4190,莫高窟
4191,約翰赫歇爾
4192,1831年
4193,君主制
4194,斯洛文尼亞
4195,激進黨
4196,
4197,1921年
4198,拉丁文
4199,倭寇
4200,清同治年間
4201,清同治年間
4202,愛情萬歲
4203,電影
4204,2001年
4205,進入義工隊服役，隔年2月21級怪受，則分別因扁平足及地中海貧血症狀
4206,1790年
4207,瑞士
4208,雅爾薩斯
4209,1906年
4210,皇家自由醫院
4211,皇家自由醫院
4212,1906年
4213,八角大樓
4214,理事會
4215,高級監管團隊
4216,中國民主建國會
4217,文化教育界高級人士
4218,榮毅仁
4219,榮毅仁
4220,1945年
4221,國際聯盟
4222,58個
4223,凡爾賽條約
4224,1960年
4225,1968年
4226,外圍賽
4227,歐洲足球錦標賽
4228,西班牙
4229,抽籤
4230,1927年
4231,1958年
4232,
4233,捷克斯洛伐克
4234,地區性國際政治組織
4235,非洲
4236,內蒙古自治區
4237,關內
4238,朝陽市
4239,四個
4240,指揮官
4241,徵兵制
4242,波斯灣東南岸
4243,1960年代
4244,西方商業模式
4245,英國
4246,1892年
4247,很合理的稅制
4248,1966年
4249,1971年
4250,2006年
4251,七倍
4252,皇家法律
4253,142個
4254,紅線
4255,1947年
4256,非裔美國人，等於是漢陽一美國人，得意美國人，愛爾蘭裔美國人，墨西哥裔美國人等平等的對待，非裔種族膚色稱呼。不過不同的是，其他族裔
4257,1960年
4258,法律制裁
4259,共和末期
4260,羅馬公民權
4261,奧古斯都，這將是兵的年薪，從140第納利斯
4262,薪水使用價值堅挺的金幣發放的。相對於當時一路貶值不已的銀幣
4263,羅馬軍團
4264,河南
4265,2002年
4266,黃河鐵路公路大橋，是京九鐵路沿線的重要橋樑之一。臺前縣古時爲山東省壽張縣的一部分。壽張老縣城南園有一座鳳凰山，現在只剩下被人們稱爲南臺子的一個小土丘。後來的臺前縣設置在南臺子
4267,1952年
4268,南國農
4269,蕭樹滋
4270,蕭樹滋很難過，能創辦的全國電化教育培訓班，培訓了大批電教骨幹。在20世紀90年代，第二代學術領袖何克抗米克東，促進了從原先的電話教育向教育技術的轉變。何克抗
4271,蕭樹滋
4272,[UNK]包
4273,溫州人
4274,小籠饅頭
4275,重慶市
4276,丘陵
4277,岩溶丘陵窪地
4278,西柏林邊境修築的全封閉的邊防系統，已將其與西德
4279,磚石
4280,反法西斯防衛牆
4281,柏林圍牆
4282,四個
4283,1949年
4284,1949年
4285,1961年
4286,赫魯曉夫
4287,客座教授
4288,肝癌
4289,1978年
4290,1977年
4291,1978年
4292,國際奧委會第48屆年會
4293,中華人民共和國代表團
4294,楊虎城
4295,分離主義
4296,李烈鈞
4297,宋子文公館
4298,軍事委員會
4299,肝臟
4300,中樞神經系統興奮劑，也是一個新陳代謝的刺激劑
4301,麥角胺
4302,英國
4303,1713年
4304,西班牙
4305,中國鐵道部
4306,文化大革命
4307,陳玉昶
4308,人民日報
4309,香港站
4310,2005年
4311,青衣站及機場站爲炸公車站，嗯，博覽館站
4312,九龍站爲d李村站，青衣站
4313,漢江
4314,漢江看水
4315,淮河流域
4316,工具書訂正
4317,私立研究型大學
4318,班傑明富蘭克林
4319,穆爾電子工程學院
4320,第四
4321,唐朝
4322,劍橋大學
4323,92英畝
4324,獸醫學院
4325,雨水
4326,露點溫度
4327,克里米亞半島
4328,貝爾格勒
4329,1941年
4330,1997年1月9日，還是每個人再次成爲一個自治州，並且在1958年
4331,俄羅斯
4332,共和國元首
4333,第二次世界大戰
4334,中南海
4335,明代
4336,中華人民共和國
4337,東海
4338,袁世凱
4339,袁世凱
4340,新華門
4341,新華門
4342,1975年
4343,彰化縣
4344,1975年
4345,平原區
4346,1959年
4347,彰化縣
4348,彰化縣
4349,四年
4350,市政會議
4351,加入歐盟
4352,歐盟
4353,1220年
4354,723公里
4355,河流
4356,150名
4357,俄羅斯聯邦b0的邊界長達723公里，這條邊界在俄國
4358,農業
4359,計劃經濟
4360,2014年
4361,東正教
4362,關東地震
4363,1930年
4364,1933年
4365,九龍寨城
4366,九龍戰神
4367,19世紀
4368,黃大仙區
4369,家庭經濟拮据
4370,1917年
4371,一個月
4372,日本
4373,1934年
4374,陳春鳳
4375,派程程真
4376,廣州行營
4377,拉丁語
4378,83.4
4379,河
4380,山地
4381,1914年
4382,修水
4383,瀟水
4384,2000
4385,2000多
4386,薩瑟爾山，東至面青唐古拉山脈
4387,6656米
4388,唐古拉山脈
4389,廢除一切不平等條約
4390,清華學堂
4391,1943年
4392,1899年
4393,瀕危物種
4394,恐龍
4395,金正恩
4396,社會主義市場經濟體制
4397,金正恩
4398,2009年
4399,金正恩
4400,第149位
4401,
4402,21世紀
4403,公路網絡
4404,農村
4405,1974年
4406,美術品
4407,聯合國
4408,圖西族人
4409,六安達
4410,特瓦族
4411,1999年
4412,央視新址
4413,2010年
4414,央視網標誌
4415,1988年
4416,2009年元宵節
4417,文本
4418,文化產物
4419,針對特別一個文化來進行的學術研究
4420,第五場
4421,鬥馬隊
4422,鬥馬隊
4423,2003年
4424,61勝21負
4425,2004年
4426,天師道自稱天師
4427,道士
4428,全真派
4429,全真派
4430,英國
4431,約翰羅納德魯埃爾托爾金
4432,托爾金應當感激華格納構想的一些元素，例如能給予通知世界力量的戒指
4433,芬蘭民族
4434,1914年
4435,1913年
4436,1956年
4437,1956年
4438,聖赫勒
4439,人權狀況
4440,20世紀
4441,清末民初
4442,王怡
4443,戶籍制度
4444,
4445,六四事件
4446,
4447,沙祖康
4448,汪洋
4449,中國大陸
4450,私人報紙電視臺
4451,藏書
4452,蔣中正
4453,集體勞動組件
4454,集體勞動組件
4455,解體後
4456,19世紀
4457,拿破崙
4458,改變土地產權制度
4459,1857年
4460,1858年
4461,付出代價
4462,1870年
4463,德意志帝國
4464,1873年
4465,1850年
4466,橡皮圖章
4467,穩固自己的地位
4468,中華人民共和國
4469,2000年
4470,中華人民共和國
4471,5月
4472,道教
4473,加拿大
4474,加拿大
4475,溫尼伯湖
4476,1萬年前的冰河時期
4477,製造箭頭
4478,1611年
4479,蘇維埃俄國
4480,2003年
4481,航空運輸
4482,空鐵聯運
4483,機場聯絡軌道系統
4484,2395平方公里
4485,中華人民共和國
4486,蛋形
4487,古裝風箏場
4488,個人防衛武器。所以一旦衝鋒槍被改造或調校，單發設計，便是一支低獲利的短小半自動步槍
4489,可以
4490,中國大陸並沒有接受北約的圖集步槍概念，蘇聯
4491,第一次世界大戰當中的[UNK]壕戰
4492,美國
4493,德國
4494,1980年
4495,陝西省
4496,秦嶺淮河線
4497,陝西段
4498,
4499,常綠闊葉木本植物
4500,穿越秦嶺的鐵路和高速公路
4501,1912年
4502,關東大地震
4503,第一次世界大戰
4504,大東亞
4505,1927年
4506,中日戰爭
4507,中日戰爭
4508,修改日美安保條約
4509,修改日美安保條約
4510,修改日美安保條約
4511,田中角榮
4512,向田中，角榮開刀
4513,大屏之死
4514,自民黨
4515,平成時代
4516,
4517,維持自己的專權書，我是極力反對改革
4518,645年
4519,587年
4520,源平合戰
4521,1185年
4522,九條道家
4523,女媧
4524,人首蛇身
4525,人首蛇身
4526,量子化學
4527,量子化學
4528,1977年
4529,日本
4530,山區
4531,1540年
4532,日本
4533,方濟各沙勿略
4534,葡萄牙
4535,朱棣
4536,損失糧食數百萬擔，京師大震
4537,河北戰事不利
4538,七月初十
4539,保定
4540,朱莉
4541,十族
4542,得到了很多來自宦官的幫助
4543,9月二五擊敗武高
4544,瓦斯
4545,中央軍
4546,朱麗
4547,潮州體育館
4548,籃球運動
4549,體育領導機構
4550,四大古橋
4551,2001年
4552,亞熱帶海洋性季風氣候
4553,李青
4554,潮州
4555,潮州人多地少
4556,5800日元
4557,oba
4558,1995年
4559,地緣政治意義
4560,
4561,哈里發
4562,賓夕法尼亞州
4563,世界鋼都
4564,2006年
4565,美式橄欖球
4566,石灰石
4567,
4568,匹茲堡
4569,文藝復興時期
4570,瑞士近衛隊
4571,米開蘭，基羅
4572,西班牙
4573,積極進攻戰術
4574,譚詠麟
4575,中國南海
4576,甘泉島
4577,中越西沙海戰
4578,中國
4579,中華民國
4580,白崇禧
4581,第二次國共內戰失利後，中華民國政府退守臺灣，但中華民國政府並未放棄對西沙羣島的主權
4582,1950年
4583,加油站附屬小店
4584,60年代
4585,效仿美國提供飲料食品與日用品
4586,阿斯頓公園球場
4587,優勝者
4588,1987年
4589,5000000美元
4590,1993年
4591,1998年
4592,嘉靖九年
4593,九層
4594,祈年殿
4595,金柱
4596,拉丁美洲
4597,拉丁美洲
4598,1859年
4599,物種的演化
4600,住宅區
4601,1860
4602,香港結合製造廠有限公司，專業漂染各種不批的珍藏染布廠
4603,13街
4604,2012年
4605,13街
4606,西奧多羅斯福
4607,岳飛
4608,
4609,完顏宗弼
4610,後勤的問題
4611,不能
4612,趙鼎
4613,明代話本
4614,誣陷致死
4615,儒家
4616,西津縣
4617,6月
4618,1960年
4619,大興區
4620,河洛
4621,甲午戰爭
4622,納入大清帝國版圖，由隸屬福建省之下的臺灣部管轄。清朝政府在統治之初，對於臺灣的統治才消極政策
4623,馬關條約
4624,50年
4625,明軍
4626,1980年代
4627,1987年
4628,電腦主機板
4629,1996年
4630,李登輝
4631,李登輝
4632,多元文化主義
4633,葡萄牙語
4634,複雜的地形
4635,黑潮洋流
4636,1972年
4637,伊蘭
4638,2000年
4639,太平洋戰爭爆發
4640,1960年代
4641,
4642,1987年
4643,臺灣政黨
4644,日治時期
4645,21個
4646,中華人民共和國
4647,中華民國纏上體育運動總會
4648,非政府組織
4649,2008年
4650,臺灣文化基金會
4651,臺灣文化基金會
4652,1995年
4653,中秋
4654,元宵節
4655,臺灣廟宇香火鼎盛
4656,清治時期
4657,口味
4658,珍珠奶茶
4659,英語
4660,1932年
4661,與漢人通婚
4662,贏臺灣
4663,16世紀
4664,葡萄牙
4665,27個
4666,日本文化，和西洋畫風是當時的主流。一週五年代，化成主流，以大陸來臺的水墨畫家，與日治時期的本土喜歡家爲主，繪畫技巧比較傳統。1960年代開始，新生代畫家引入西方的抽象化
4667,二戰
4668,反共抗俄
4669,中華隊
4670,臺灣
4671,巧固球
4672,法國
4673,以便礦工能及時逃走
4674,
4675,飛機起降
4676,100億美元
4677,四川省
4678,佛教
4679,廣東話
4680,北方官話
4681,漢語在廣東
4682,瑞士
4683,奧地利
4684,阿爾卑斯山脈
4685,挪威
4686,1948年
4687,德國
4688,德國
4689,英國
4690,英國
4691,電腦控制技術
4692,國家郵政局
4693,1949年
4694,1995年
4695,220
4696,1972年
4697,1972年
4698,田納西州
4699,1998年
4700,交一
4701,2006年
4702,英國
4703,物理學
4704,1999年
4705,1930年
4706,狄拉克
4707,新南威爾士大學
4708,迪拉克
4709,科本哈根
4710,電子正電子的理論
4711,1930年
4712,對我色福說，他不想出名
4713,宇宙學
4714,1937年
4715,佛教
4716,天道
4717,輪迴是一個過程
4718,需要很多次到達一個地點
4719,加州
4720,洋務運動
4721,蔣公玉棟
4722,穆斯林
4723,伊斯蘭教蓬勃發展，使穆斯林學術研究因爲伊斯蘭黃金時代
4724,十字軍東征
4725,中國
4726,宗教激進主義
4727,上科學革命
4728,1905年
4729,劉銘傳
4730,舊金山和約
4731,毛澤東
4732,支持日本關于歸還領土的要求是中國的一貫政策
4733,中國大陸
4734,公元三世紀
4735,羅馬帝國
4736,1992年
4737,俄羅斯聯邦沒有完全接替該國，最後仍爲俄羅斯聯邦主體之一，名爲俄羅斯聯邦圖瓦共和國。19485年5月，中華民國駐蘇大使，傅秉常朝暉，蘇聯外交部聲明，唐努烏梁海爲中華民國領土。但後來周英撤離中國大陸
4738,2006年
4739,2001年
4740,努無量海
4741,中華人民共和國
4742,透口氣
4743,
4744,食物中毒
4745,經濟海域
4746,英國
4747,美國在兩大洋本土兩側及太平洋，大西洋，擁有如夏威夷，阿拉斯加，關島，塞班的殊途，17城市之專屬經濟區爲全球最大。英國
4748,下議院
4749,五年
4750,信任案
4751,愛爾蘭
4752,蘇格蘭議會
4753,愛德華三世
4754,國內的貴族政治與神職人員影響重大
4755,需對，權力來源的選民負責
4756,定期公開公平
4757,宋代班行天聖令的歌，朝中事的法律形式亦不相同。中國法治史可追溯至夏朝
4758,瓦哈比教派
4759,車臣
4760,一二八事變
4761,1937年
4762,日軍
4763,1983年
4764,1984年
4765,江澤民
4766,新客站南北廣場
4767,1986年
4768,華東建築設計院
4769,軟席候車室
4770,避免購票人羣與進出站人羣的對衝，上海站在主站廳外東南側，即墨凌路梅園路路口
4771,福建籍
4772,三成，新加坡在近15，人均gdp都比香港高25%
4773,金融中心
4774,2004年
4775,桃馬地
4776,金朝陽集團
4777,香港
4778,香港
4779,唐樓區
4780,祖籍
4781,明明系
4782,
4783,六七暴動
4784,1950年
4785,新界
4786,
4787,功虧一[UNK]
4788,蔬菜
4789,西九龍
4790,福建籍
4791,1945年
4792,
4793,中西區
4794,上環
4795,潮州人
4796,靠近英國公司，已和竹島的銅鑼灣東角碼頭
4797,印尼
4798,泉州人
4799,香港
4800,陳隆基，有80多億財產，大多數時間都比陳正武思思長，唐英年
4801,福州
4802,太平天國戰亂
4803,波蘭街
4804,大量廣州人因太平天國戰亂涌入九龍，而來港的人口又以男性比例較多
4805,2012年
4806,色情行業
4807,深水涉
4808,1980年代
4809,街上
4810,13%
4811,青龍教
4812,活產男嬰
4813,
4814,1161
4815,1954年
4816,加強鞏固對臺灣本島的防守
4817,臺灣
4818,金剛計劃
4819,蘇聯
4820,1月30日
4821,太平洋
4822,臺東市
4823,臺東市區最高點爲，標高75公尺的鯉魚山
4824,元旦
4825,1976年
4826,全國人民代表大會
4827,取消中華人民共和國主席，韓復主席的職位，1982年通過的八二憲法重新恢復。根據現行憲法，中華人民共和國副主席由全國人民代表大會根據憲法選舉
4828,1982年
4829,雅克考文
4830,新石器時代
4831,反傷二次革命
4832,民國16年
4833,民國18年
4834,民國34年
4835,組建正規兵團，直行向北發展，向南防禦
4836,晉冀魯豫野戰軍
4837,湖北省
4838,石碑鎮
4839,王守仁
4840,南京
4841,假宣傳假情報
4842,假宣傳
4843,
4844,嘉靖七年
4845,高原
4846,扇貝狀的邊緣
4847,南極
4848,曾經有斷層形成
4849,德意志民主共和國，也有設立總統
4850,
4851,1871年
4852,互相制衡作用
4853,
4854,約翰洛克
4855,
4856,
4857,1974年
4858,受到1974年葡萄牙康乃馨革命影響
4859,孫中山
4860,考試監察
4861,2005年
4862,國防部
4863,6萬
4864,中華人民共和國
4865,安徽省
4866,兩處國家溼地公園，一處
4867,
4868,美國工業工程師學會
4869,消滅在生產過程中對時間
4870,科學管理，而在現在韓國等國家工業工程被稱作產業工程
4871,工業工程
4872,南華早報還是星期日出版的，星期日南華早報
4873,1903年
4874,1987年
4875,北京
4876,蔡崇信
4877,2006年
4878,中國網通集團
4879,不哥
4880,
4881,易經
4882,元世祖
4883,1275年
4884,颱風來襲
4885,解決朝廷的財政問題
4886,1260年
4887,
4888,1260年
4889,
4890,南京
4891,福建
4892,徹底掃除北元勢力
4893,1388年
4894,軍事
4895,宣慰司
4896,1260年
4897,1238年
4898,法國
4899,1330年
4900,馬可波羅遊記
4901,1229年
4902,探馬赤軍
4903,官田
4904,河北
4905,自然災害
4906,畜牧業
4907,加金絲織物
4908,元朝
4909,鼓勵對外貿易政策
4910,省會
4911,宋元時期
4912,元朝
4913,王卓創
4914,伊斯蘭教
4915,潛伏許多西域回教國家，使得伊斯蘭教徒是與蒙古朝廷甚多。由於色目人擅長理財
4916,王羲之
4917,草書
4918,景德鎮馳名的時期，最著名的瓷器極爲青花瓷，漢用李紅。受到中東文化影響，瓷器有豐富的人白色裝飾，中東商人也會定製大量的龍泉青瓷。元朝也完成許多佛教雕刻，其中，命中多少佛像，顯示蒙古人對尼泊爾，西藏地區藏傳佛教藝術的愛好。您提供一家住璧山
4919,元朝
4920,那吉利
4921,約魯巴
4922,下游沖積平原
4923,熱帶草原氣候
4924,熱帶草原氣候
4925,南京
4926,燕京大學
4927,重機學院
4928,美國
4929,中華人民共和國政府
4930,2005年
4931,舊金山和約
4932,1980年
4933,中國大陸
4934,大型公共投資
4935,2002年
4936,1990年代
4937,人口的流動，家庭結構也隨之變化小
4938,1970年代
4939,臺灣原住民族
4940,1950年
4941,1950年代
4942,高雄市
4943,美麗島事件
4944,1988年
4945,20世紀
4946,全球產業革命
4947,奧斯曼伊斯蘭政權
4948,阿姆利則慘案
4949,日本
4950,後勤補給的中斷
4951,刑事司法法案
4952,白色抗爭
4953,1960年代，中華人民共和國與阿富汗簽訂邊界條約，正式承認放棄，我還怕名額。1991年
4954,1960年代
4955,1960年代
4956,遼寧號正式加入唄。這次北海艦隊
